target_index,target_name,target_source,target_resolution,discovery_sources,main_family,variant_kind,registry_status,registry_action,registry_name,elem_const,registry_family,n_nodes,n_ip,n_dof,base_elem_type,has_module,route_status,route_note,has_route_wrapper,has_structured_hot_path,has_test,has_family_test,source_line
1,C3D4,current_L4_registry,KNOWN_REGISTERED,,SOLID_3D,BASE,REGISTERED,KEEP_REGISTERED,C3D4,PH_ELEM_C3D4,PH_ELEM_FAMILY_C3D,4,1,12,,YES,ROUTED_PER_ELEMENT,exact routed wrapper found,YES,NO,YES,NO,271
2,C3D10,current_L4_registry,KNOWN_REGISTERED,,SOLID_3D,BASE,REGISTERED,KEEP_REGISTERED,C3D10,PH_ELEM_C3D10,PH_ELEM_FAMILY_C3D,10,4,30,,YES,ROUTED_PER_ELEMENT,exact routed wrapper found,YES,NO,YES,NO,272
3,C3D10M,current_L4_registry,KNOWN_REGISTERED,,SOLID_3D,BASE,REGISTERED,KEEP_REGISTERED,C3D10M,PH_ELEM_C3D10M,PH_ELEM_FAMILY_C3D,10,4,30,,NO,PARTIAL,"family helper exists, row-level routed wrapper not proven",YES,NO,NO,NO,273
4,C3D10E,current_L4_registry,KNOWN_REGISTERED,,SOLID_3D,BASE,REGISTERED,KEEP_REGISTERED,C3D10E,PH_ELEM_C3D10E,PH_ELEM_FAMILY_C3D,10,4,30,,NO,PARTIAL,"family helper exists, row-level routed wrapper not proven",YES,NO,NO,NO,274
5,C3D10R,current_L4_registry,KNOWN_REGISTERED,,SOLID_3D,REDUCED_OR_SPECIAL_INTEGRATION,REGISTERED,KEEP_REGISTERED,C3D10R,PH_ELEM_C3D10R,PH_ELEM_FAMILY_C3D,10,4,30,,NO,PARTIAL,"family helper exists, row-level routed wrapper not proven",YES,NO,NO,NO,275
6,C3D8,current_L4_registry,KNOWN_REGISTERED,,SOLID_3D,BASE,REGISTERED,KEEP_REGISTERED,C3D8,PH_ELEM_C3D8,PH_ELEM_FAMILY_C3D,8,8,24,,YES,ROUTED_PER_ELEMENT,exact routed wrapper found,YES,YES,YES,NO,276
7,C3D8R,current_L4_registry,KNOWN_REGISTERED,,SOLID_3D,REDUCED_OR_SPECIAL_INTEGRATION,REGISTERED,KEEP_ALIAS_TO_BASE,C3D8R,PH_ELEM_C3D8R,PH_ELEM_FAMILY_C3D,8,1,24,PH_ELEM_C3D8,NO,FAMILY_ROUTE,alias/base route via PH_ELEM_C3D8,YES,NO,NO,YES,277
8,C3D8I,current_L4_registry,KNOWN_REGISTERED,,SOLID_3D,INCOMPATIBLE_MODE,REGISTERED,KEEP_ALIAS_TO_BASE,C3D8I,PH_ELEM_C3D8I,PH_ELEM_FAMILY_C3D,8,8,24,PH_ELEM_C3D8,NO,FAMILY_ROUTE,alias/base route via PH_ELEM_C3D8,YES,NO,NO,YES,278
9,C3D8H,current_L4_registry,KNOWN_REGISTERED,,SOLID_3D,HYBRID,REGISTERED,KEEP_ALIAS_TO_BASE,C3D8H,PH_ELEM_C3D8H,PH_ELEM_FAMILY_C3D,8,8,24,PH_ELEM_C3D8,NO,FAMILY_ROUTE,alias/base route via PH_ELEM_C3D8,YES,NO,NO,YES,279
10,C3D8EAS,current_L4_registry,KNOWN_REGISTERED,,SOLID_3D,BASE,REGISTERED,KEEP_ALIAS_TO_BASE,C3D8EAS,MD_MESH_ELEM_C3D8EAS,PH_ELEM_FAMILY_C3D,8,8,24,PH_ELEM_C3D8,YES,ROUTED_PER_ELEMENT,exact routed wrapper found,YES,NO,YES,NO,280
11,C3D8FBAR,current_L4_registry,KNOWN_REGISTERED,,SOLID_3D,REDUCED_OR_SPECIAL_INTEGRATION,REGISTERED,KEEP_ALIAS_TO_BASE,C3D8FBAR,MD_MESH_ELEM_C3D8FBAR,PH_ELEM_FAMILY_C3D,8,8,24,PH_ELEM_C3D8,YES,ROUTED_PER_ELEMENT,exact routed wrapper found,YES,NO,YES,NO,282
12,C3D20,current_L4_registry,KNOWN_REGISTERED,,SOLID_3D,BASE,REGISTERED,KEEP_REGISTERED,C3D20,PH_ELEM_C3D20,PH_ELEM_FAMILY_C3D,20,27,60,,YES,ROUTED_PER_ELEMENT,exact routed wrapper found,YES,NO,YES,NO,284
13,C3D20R,current_L4_registry,KNOWN_REGISTERED,,SOLID_3D,REDUCED_OR_SPECIAL_INTEGRATION,REGISTERED,KEEP_ALIAS_TO_BASE,C3D20R,PH_ELEM_C3D20R,PH_ELEM_FAMILY_C3D,20,8,60,PH_ELEM_C3D20,NO,FAMILY_ROUTE,alias/base route via PH_ELEM_C3D20,YES,NO,NO,YES,285
14,C3D20H,current_L4_registry,KNOWN_REGISTERED,,SOLID_3D,HYBRID,REGISTERED,KEEP_ALIAS_TO_BASE,C3D20H,PH_ELEM_C3D20H,PH_ELEM_FAMILY_C3D,20,27,60,PH_ELEM_C3D20,NO,FAMILY_ROUTE,alias/base route via PH_ELEM_C3D20,YES,NO,NO,YES,286
15,C3D20I,current_L4_registry,KNOWN_REGISTERED,,SOLID_3D,INCOMPATIBLE_MODE,REGISTERED,KEEP_ALIAS_TO_BASE,C3D20I,PH_ELEM_C3D20I,PH_ELEM_FAMILY_C3D,20,27,60,PH_ELEM_C3D20,NO,FAMILY_ROUTE,alias/base route via PH_ELEM_C3D20,YES,NO,NO,YES,287
16,C3D27,current_L4_registry,KNOWN_REGISTERED,,SOLID_3D,BASE,REGISTERED,KEEP_REGISTERED,C3D27,PH_ELEM_C3D27,PH_ELEM_FAMILY_C3D,27,27,81,,YES,ROUTED_PER_ELEMENT,exact routed wrapper found,YES,NO,YES,NO,288
17,C3D27R,current_L4_registry,KNOWN_REGISTERED,,SOLID_3D,REDUCED_OR_SPECIAL_INTEGRATION,REGISTERED,KEEP_ALIAS_TO_BASE,C3D27R,PH_ELEM_C3D27R,PH_ELEM_FAMILY_C3D,27,27,81,PH_ELEM_C3D27,NO,FAMILY_ROUTE,alias/base route via PH_ELEM_C3D27,YES,NO,NO,YES,289
18,C3D6,current_L4_registry,KNOWN_REGISTERED,,SOLID_3D,BASE,REGISTERED,KEEP_REGISTERED,C3D6,PH_ELEM_C3D6,PH_ELEM_FAMILY_C3D,6,6,18,,YES,ROUTED_PER_ELEMENT,exact routed wrapper found,YES,NO,YES,NO,290
19,C3D15,current_L4_registry,KNOWN_REGISTERED,,SOLID_3D,BASE,REGISTERED,KEEP_REGISTERED,C3D15,PH_ELEM_C3D15,PH_ELEM_FAMILY_C3D,15,9,45,,YES,ROUTED_PER_ELEMENT,exact routed wrapper found,YES,NO,YES,NO,291
20,C3D6R,current_L4_registry,KNOWN_REGISTERED,,SOLID_3D,REDUCED_OR_SPECIAL_INTEGRATION,REGISTERED,KEEP_ALIAS_TO_BASE,C3D6R,PH_ELEM_C3D6R,PH_ELEM_FAMILY_C3D,6,6,18,PH_ELEM_C3D6,NO,FAMILY_ROUTE,alias/base route via PH_ELEM_C3D6,YES,NO,NO,YES,292
21,C3D15R,current_L4_registry,KNOWN_REGISTERED,,SOLID_3D,REDUCED_OR_SPECIAL_INTEGRATION,REGISTERED,KEEP_ALIAS_TO_BASE,C3D15R,PH_ELEM_C3D15R,PH_ELEM_FAMILY_C3D,15,9,45,PH_ELEM_C3D15,NO,FAMILY_ROUTE,alias/base route via PH_ELEM_C3D15,YES,NO,NO,YES,293
22,C3D5,current_L4_registry,KNOWN_REGISTERED,,SOLID_3D,BASE,REGISTERED,KEEP_REGISTERED,C3D5,PH_ELEM_C3D5,PH_ELEM_FAMILY_C3D,5,8,15,,YES,ROUTED_PER_ELEMENT,exact routed wrapper found,YES,NO,YES,NO,294
23,C3D13,current_L4_registry,KNOWN_REGISTERED,,SOLID_3D,BASE,REGISTERED,KEEP_REGISTERED,C3D13,PH_ELEM_C3D13,PH_ELEM_FAMILY_C3D,13,8,39,,YES,ROUTED_PER_ELEMENT,exact routed wrapper found,YES,NO,YES,NO,295
24,C3D8T,current_L4_registry,KNOWN_REGISTERED,,SOLID_3D,THERMO_MECHANICAL,REGISTERED,KEEP_REGISTERED,C3D8T,PH_ELEM_C3D8T,PH_ELEM_FAMILY_C3D,8,8,32,,YES,ROUTED_PER_ELEMENT,exact routed wrapper found,YES,NO,YES,NO,297
25,C3D20T,current_L4_registry,KNOWN_REGISTERED,,SOLID_3D,THERMO_MECHANICAL,REGISTERED,KEEP_REGISTERED,C3D20T,PH_ELEM_C3D20T,PH_ELEM_FAMILY_C3D,20,27,80,,YES,ROUTED_PER_ELEMENT,exact routed wrapper found,YES,NO,YES,NO,299
26,C3D4P,current_L4_registry,KNOWN_REGISTERED,,SOLID_3D,POROUS_OR_PORE_PRESSURE,REGISTERED,KEEP_REGISTERED,C3D4P,PH_ELEM_C3D4P,PH_ELEM_FAMILY_C3D,4,1,16,,YES,PARTIAL,"family helper exists, row-level routed wrapper not proven",YES,NO,NO,NO,301
27,C3D6P,current_L4_registry,KNOWN_REGISTERED,,SOLID_3D,POROUS_OR_PORE_PRESSURE,REGISTERED,KEEP_REGISTERED,C3D6P,PH_ELEM_C3D6P,PH_ELEM_FAMILY_C3D,6,6,24,,YES,PARTIAL,"family helper exists, row-level routed wrapper not proven",YES,NO,NO,NO,302
28,C3D8P,current_L4_registry,KNOWN_REGISTERED,,SOLID_3D,POROUS_OR_PORE_PRESSURE,REGISTERED,KEEP_REGISTERED,C3D8P,PH_ELEM_C3D8P,PH_ELEM_FAMILY_C3D,8,8,32,,YES,PARTIAL,"family helper exists, row-level routed wrapper not proven",YES,NO,NO,NO,303
29,C3D10P,current_L4_registry,KNOWN_REGISTERED,,SOLID_3D,POROUS_OR_PORE_PRESSURE,REGISTERED,KEEP_REGISTERED,C3D10P,PH_ELEM_C3D10P,PH_ELEM_FAMILY_C3D,10,4,40,,YES,PARTIAL,"family helper exists, row-level routed wrapper not proven",YES,NO,NO,NO,304
30,C3D15P,current_L4_registry,KNOWN_REGISTERED,,SOLID_3D,POROUS_OR_PORE_PRESSURE,REGISTERED,KEEP_REGISTERED,C3D15P,PH_ELEM_C3D15P,PH_ELEM_FAMILY_C3D,15,9,60,,YES,PARTIAL,"family helper exists, row-level routed wrapper not proven",YES,NO,NO,NO,305
31,C3D20P,current_L4_registry,KNOWN_REGISTERED,,SOLID_3D,POROUS_OR_PORE_PRESSURE,REGISTERED,KEEP_REGISTERED,C3D20P,PH_ELEM_C3D20P,PH_ELEM_FAMILY_C3D,20,27,80,,YES,PARTIAL,"family helper exists, row-level routed wrapper not proven",YES,NO,NO,NO,306
32,C3D27P,current_L4_registry,KNOWN_REGISTERED,,SOLID_3D,POROUS_OR_PORE_PRESSURE,REGISTERED,KEEP_REGISTERED,C3D27P,PH_ELEM_C3D27P,PH_ELEM_FAMILY_C3D,27,27,108,,YES,PARTIAL,"family helper exists, row-level routed wrapper not proven",YES,NO,NO,NO,307
33,C3D8PT,current_L4_registry,KNOWN_REGISTERED,,SOLID_3D,THERMO_MECHANICAL,REGISTERED,KEEP_REGISTERED,C3D8PT,PH_ELEM_C3D8PT,PH_ELEM_FAMILY_C3D,8,8,40,,NO,PARTIAL,"family helper exists, row-level routed wrapper not proven",YES,NO,NO,NO,308
34,C3D4T,current_L4_registry,KNOWN_REGISTERED,,SOLID_3D,THERMO_MECHANICAL,REGISTERED,KEEP_REGISTERED,C3D4T,PH_ELEM_C3D4T,PH_ELEM_FAMILY_C3D,4,1,16,,YES,ROUTED_PER_ELEMENT,exact routed wrapper found,YES,NO,YES,NO,310
35,C3D6T,current_L4_registry,KNOWN_REGISTERED,,SOLID_3D,THERMO_MECHANICAL,REGISTERED,KEEP_REGISTERED,C3D6T,PH_ELEM_C3D6T,PH_ELEM_FAMILY_C3D,6,6,24,,YES,ROUTED_PER_ELEMENT,exact routed wrapper found,YES,NO,YES,NO,311
36,C3D10T,current_L4_registry,KNOWN_REGISTERED,,SOLID_3D,THERMO_MECHANICAL,REGISTERED,KEEP_REGISTERED,C3D10T,PH_ELEM_C3D10T,PH_ELEM_FAMILY_C3D,10,4,40,,YES,ROUTED_PER_ELEMENT,exact routed wrapper found,YES,NO,YES,NO,312
37,C3D15T,current_L4_registry,KNOWN_REGISTERED,,SOLID_3D,THERMO_MECHANICAL,REGISTERED,KEEP_REGISTERED,C3D15T,PH_ELEM_C3D15T,PH_ELEM_FAMILY_C3D,15,9,60,,YES,ROUTED_PER_ELEMENT,exact routed wrapper found,YES,NO,YES,NO,313
38,C3D27T,current_L4_registry,KNOWN_REGISTERED,,SOLID_3D,THERMO_MECHANICAL,REGISTERED,KEEP_REGISTERED,C3D27T,PH_ELEM_C3D27T,PH_ELEM_FAMILY_C3D,27,27,108,,YES,ROUTED_PER_ELEMENT,exact routed wrapper found,YES,NO,YES,NO,314
39,CPE3,current_L4_registry,KNOWN_REGISTERED,,SOLID_2D,BASE,REGISTERED,KEEP_REGISTERED,CPE3,PH_ELEM_CPE3,PH_ELEM_FAMILY_CPE,3,3,6,,YES,ROUTED_PER_ELEMENT,exact routed wrapper found,YES,NO,YES,NO,317
40,CPE6,current_L4_registry,KNOWN_REGISTERED,,SOLID_2D,BASE,REGISTERED,KEEP_REGISTERED,CPE6,PH_ELEM_CPE6,PH_ELEM_FAMILY_CPE,6,3,12,,YES,ROUTED_PER_ELEMENT,exact routed wrapper found,YES,NO,YES,NO,318
41,CPE6R,current_L4_registry,KNOWN_REGISTERED,,SOLID_2D,REDUCED_OR_SPECIAL_INTEGRATION,REGISTERED,KEEP_ALIAS_TO_BASE,CPE6R,PH_ELEM_CPE6R,PH_ELEM_FAMILY_CPE,6,3,12,PH_ELEM_CPE6,NO,FAMILY_ROUTE,alias/base route via PH_ELEM_CPE6,YES,NO,NO,YES,319
42,CPE4,current_L4_registry,KNOWN_REGISTERED,,SOLID_2D,BASE,REGISTERED,KEEP_REGISTERED,CPE4,PH_ELEM_CPE4,PH_ELEM_FAMILY_CPE,4,4,8,,YES,ROUTED_PER_ELEMENT,exact routed wrapper found,YES,YES,YES,NO,320
43,CPE4R,current_L4_registry,KNOWN_REGISTERED,,SOLID_2D,REDUCED_OR_SPECIAL_INTEGRATION,REGISTERED,KEEP_ALIAS_TO_BASE,CPE4R,PH_ELEM_CPE4R,PH_ELEM_FAMILY_CPE,4,1,8,PH_ELEM_CPE4,NO,FAMILY_ROUTE,alias/base route via PH_ELEM_CPE4,YES,NO,NO,YES,321
44,CPE4H,current_L4_registry,KNOWN_REGISTERED,,SOLID_2D,HYBRID,REGISTERED,KEEP_ALIAS_TO_BASE,CPE4H,PH_ELEM_CPE4H,PH_ELEM_FAMILY_CPE,4,4,8,PH_ELEM_CPE4,NO,FAMILY_ROUTE,alias/base route via PH_ELEM_CPE4,YES,NO,NO,YES,322
45,CPE4I,current_L4_registry,KNOWN_REGISTERED,,SOLID_2D,INCOMPATIBLE_MODE,REGISTERED,KEEP_ALIAS_TO_BASE,CPE4I,PH_ELEM_CPE4I,PH_ELEM_FAMILY_CPE,4,4,8,PH_ELEM_CPE4,NO,FAMILY_ROUTE,alias/base route via PH_ELEM_CPE4,YES,NO,NO,YES,323
46,CPE8,current_L4_registry,KNOWN_REGISTERED,,SOLID_2D,BASE,REGISTERED,KEEP_REGISTERED,CPE8,PH_ELEM_CPE8,PH_ELEM_FAMILY_CPE,8,9,16,,YES,ROUTED_PER_ELEMENT,exact routed wrapper found,YES,NO,YES,NO,324
47,CPE8R,current_L4_registry,KNOWN_REGISTERED,,SOLID_2D,REDUCED_OR_SPECIAL_INTEGRATION,REGISTERED,KEEP_ALIAS_TO_BASE,CPE8R,PH_ELEM_CPE8R,PH_ELEM_FAMILY_CPE,8,9,16,PH_ELEM_CPE8,NO,FAMILY_ROUTE,alias/base route via PH_ELEM_CPE8,YES,NO,NO,YES,325
48,CPE8H,current_L4_registry,KNOWN_REGISTERED,,SOLID_2D,HYBRID,REGISTERED,KEEP_ALIAS_TO_BASE,CPE8H,PH_ELEM_CPE8H,PH_ELEM_FAMILY_CPE,8,9,16,PH_ELEM_CPE8,NO,FAMILY_ROUTE,alias/base route via PH_ELEM_CPE8,YES,NO,NO,YES,326
49,CPE8I,current_L4_registry,KNOWN_REGISTERED,,SOLID_2D,INCOMPATIBLE_MODE,REGISTERED,KEEP_ALIAS_TO_BASE,CPE8I,PH_ELEM_CPE8I,PH_ELEM_FAMILY_CPE,8,9,16,PH_ELEM_CPE8,NO,FAMILY_ROUTE,alias/base route via PH_ELEM_CPE8,YES,NO,NO,YES,327
50,CPEG4,current_L4_registry,KNOWN_REGISTERED,,SOLID_2D,BASE,REGISTERED,KEEP_ALIAS_TO_BASE,CPEG4,PH_ELEM_CPEG4,PH_ELEM_FAMILY_CPE,4,4,8,PH_ELEM_CPE4,NO,FAMILY_ROUTE,alias/base route via PH_ELEM_CPE4,YES,NO,NO,YES,328
51,CPEG4R,current_L4_registry,KNOWN_REGISTERED,,SOLID_2D,REDUCED_OR_SPECIAL_INTEGRATION,REGISTERED,KEEP_ALIAS_TO_BASE,CPEG4R,PH_ELEM_CPEG4R,PH_ELEM_FAMILY_CPE,4,1,8,PH_ELEM_CPE4,NO,FAMILY_ROUTE,alias/base route via PH_ELEM_CPE4,YES,NO,NO,YES,329
52,CPEG6,current_L4_registry,KNOWN_REGISTERED,,SOLID_2D,BASE,REGISTERED,KEEP_ALIAS_TO_BASE,CPEG6,PH_ELEM_CPEG6,PH_ELEM_FAMILY_CPE,6,3,12,PH_ELEM_CPE6,NO,FAMILY_ROUTE,alias/base route via PH_ELEM_CPE6,YES,NO,NO,YES,330
53,CPEG8,current_L4_registry,KNOWN_REGISTERED,,SOLID_2D,BASE,REGISTERED,KEEP_ALIAS_TO_BASE,CPEG8,PH_ELEM_CPEG8,PH_ELEM_FAMILY_CPE,8,9,16,PH_ELEM_CPE8,NO,FAMILY_ROUTE,alias/base route via PH_ELEM_CPE8,YES,NO,NO,YES,331
54,CPE3T,current_L4_registry,KNOWN_REGISTERED,,SOLID_2D,THERMO_MECHANICAL,REGISTERED,KEEP_REGISTERED,CPE3T,MD_MESH_ELEM_CPE3T,PH_ELEM_FAMILY_CPE,3,3,9,,YES,ROUTED_PER_ELEMENT,exact routed wrapper found,YES,NO,YES,NO,333
55,CPE6T,current_L4_registry,KNOWN_REGISTERED,,SOLID_2D,THERMO_MECHANICAL,REGISTERED,KEEP_REGISTERED,CPE6T,MD_MESH_ELEM_CPE6T,PH_ELEM_FAMILY_CPE,6,3,18,,YES,ROUTED_PER_ELEMENT,exact routed wrapper found,YES,NO,YES,NO,334
56,CPE4T,current_L4_registry,KNOWN_REGISTERED,,SOLID_2D,THERMO_MECHANICAL,REGISTERED,KEEP_REGISTERED,CPE4T,PH_ELEM_CPE4T,PH_ELEM_FAMILY_CPE,4,4,12,,YES,ROUTED_PER_ELEMENT,exact routed wrapper found,YES,NO,YES,NO,335
57,CPE8T,current_L4_registry,KNOWN_REGISTERED,,SOLID_2D,THERMO_MECHANICAL,REGISTERED,KEEP_REGISTERED,CPE8T,PH_ELEM_CPE8T,PH_ELEM_FAMILY_CPE,8,9,24,,YES,ROUTED_PER_ELEMENT,exact routed wrapper found,YES,NO,YES,NO,336
58,CPE3P,current_L4_registry,KNOWN_REGISTERED,,SOLID_2D,POROUS_OR_PORE_PRESSURE,REGISTERED,KEEP_REGISTERED,CPE3P,MD_MESH_ELEM_CPE3P,PH_ELEM_FAMILY_CPE,3,3,9,,YES,PARTIAL,"family helper exists, row-level routed wrapper not proven",YES,NO,NO,NO,337
59,CPE6P,current_L4_registry,KNOWN_REGISTERED,,SOLID_2D,POROUS_OR_PORE_PRESSURE,REGISTERED,KEEP_REGISTERED,CPE6P,MD_MESH_ELEM_CPE6P,PH_ELEM_FAMILY_CPE,6,3,18,,YES,PARTIAL,"family helper exists, row-level routed wrapper not proven",YES,NO,NO,NO,338
60,CPE4P,current_L4_registry,KNOWN_REGISTERED,,SOLID_2D,POROUS_OR_PORE_PRESSURE,REGISTERED,KEEP_REGISTERED,CPE4P,PH_ELEM_CPE4P,PH_ELEM_FAMILY_CPE,4,4,12,,YES,PARTIAL,"family helper exists, row-level routed wrapper not proven",YES,NO,NO,NO,339
61,CPE8P,current_L4_registry,KNOWN_REGISTERED,,SOLID_2D,POROUS_OR_PORE_PRESSURE,REGISTERED,KEEP_REGISTERED,CPE8P,PH_ELEM_CPE8P,PH_ELEM_FAMILY_CPE,8,9,24,,YES,PARTIAL,"family helper exists, row-level routed wrapper not proven",YES,NO,NO,NO,340
62,CPS3,current_L4_registry,KNOWN_REGISTERED,,SOLID_2D,BASE,REGISTERED,KEEP_REGISTERED,CPS3,PH_ELEM_CPS3,PH_ELEM_FAMILY_CPS,3,3,6,,YES,ROUTED_PER_ELEMENT,exact routed wrapper found,YES,NO,YES,NO,343
63,CPS6,current_L4_registry,KNOWN_REGISTERED,,SOLID_2D,BASE,REGISTERED,KEEP_REGISTERED,CPS6,PH_ELEM_CPS6,PH_ELEM_FAMILY_CPS,6,3,12,,YES,ROUTED_PER_ELEMENT,exact routed wrapper found,YES,NO,YES,NO,344
64,CPS6R,current_L4_registry,KNOWN_REGISTERED,,SOLID_2D,REDUCED_OR_SPECIAL_INTEGRATION,REGISTERED,KEEP_ALIAS_TO_BASE,CPS6R,PH_ELEM_CPS6R,PH_ELEM_FAMILY_CPS,6,3,12,PH_ELEM_CPS6,NO,FAMILY_ROUTE,alias/base route via PH_ELEM_CPS6,YES,NO,NO,YES,345
65,CPS4,current_L4_registry,KNOWN_REGISTERED,,SOLID_2D,BASE,REGISTERED,KEEP_ALIAS_TO_BASE,CPS4,PH_ELEM_CPS4,PH_ELEM_FAMILY_CPS,4,4,8,PH_ELEM_CPE4,YES,ROUTED_PER_ELEMENT,exact routed wrapper found,YES,YES,YES,NO,346
66,CPS4R,current_L4_registry,KNOWN_REGISTERED,,SOLID_2D,REDUCED_OR_SPECIAL_INTEGRATION,REGISTERED,KEEP_ALIAS_TO_BASE,CPS4R,PH_ELEM_CPS4R,PH_ELEM_FAMILY_CPS,4,1,8,PH_ELEM_CPS4,NO,FAMILY_ROUTE,alias/base route via PH_ELEM_CPS4,YES,NO,NO,YES,347
67,CPS4I,current_L4_registry,KNOWN_REGISTERED,,SOLID_2D,INCOMPATIBLE_MODE,REGISTERED,KEEP_ALIAS_TO_BASE,CPS4I,PH_ELEM_CPS4I,PH_ELEM_FAMILY_CPS,4,4,8,PH_ELEM_CPS4,NO,FAMILY_ROUTE,alias/base route via PH_ELEM_CPS4,YES,NO,NO,YES,348
68,CPS8,current_L4_registry,KNOWN_REGISTERED,,SOLID_2D,BASE,REGISTERED,KEEP_ALIAS_TO_BASE,CPS8,PH_ELEM_CPS8,PH_ELEM_FAMILY_CPS,8,9,16,PH_ELEM_CPE8,YES,ROUTED_PER_ELEMENT,exact routed wrapper found,YES,NO,YES,NO,349
69,CPS8R,current_L4_registry,KNOWN_REGISTERED,,SOLID_2D,REDUCED_OR_SPECIAL_INTEGRATION,REGISTERED,KEEP_ALIAS_TO_BASE,CPS8R,PH_ELEM_CPS8R,PH_ELEM_FAMILY_CPS,8,9,16,PH_ELEM_CPS8,NO,FAMILY_ROUTE,alias/base route via PH_ELEM_CPS8,YES,NO,NO,YES,350
70,CPS3T,current_L4_registry,KNOWN_REGISTERED,,SOLID_2D,THERMO_MECHANICAL,REGISTERED,KEEP_REGISTERED,CPS3T,MD_MESH_ELEM_CPS3T,PH_ELEM_FAMILY_CPS,3,3,9,,YES,ROUTED_PER_ELEMENT,exact routed wrapper found,YES,NO,YES,NO,351
71,CPS6T,current_L4_registry,KNOWN_REGISTERED,,SOLID_2D,THERMO_MECHANICAL,REGISTERED,KEEP_REGISTERED,CPS6T,MD_MESH_ELEM_CPS6T,PH_ELEM_FAMILY_CPS,6,3,18,,YES,ROUTED_PER_ELEMENT,exact routed wrapper found,YES,NO,YES,NO,352
72,CPS4T,current_L4_registry,KNOWN_REGISTERED,,SOLID_2D,THERMO_MECHANICAL,REGISTERED,KEEP_REGISTERED,CPS4T,PH_ELEM_CPS4T,PH_ELEM_FAMILY_CPS,4,4,12,,YES,ROUTED_PER_ELEMENT,exact routed wrapper found,YES,NO,YES,NO,353
73,CPS8T,current_L4_registry,KNOWN_REGISTERED,,SOLID_2D,THERMO_MECHANICAL,REGISTERED,KEEP_REGISTERED,CPS8T,PH_ELEM_CPS8T,PH_ELEM_FAMILY_CPS,8,9,24,,YES,ROUTED_PER_ELEMENT,exact routed wrapper found,YES,NO,YES,NO,354
74,CPS3P,current_L4_registry,KNOWN_REGISTERED,,SOLID_2D,POROUS_OR_PORE_PRESSURE,REGISTERED,KEEP_REGISTERED,CPS3P,MD_MESH_ELEM_CPS3P,PH_ELEM_FAMILY_CPS,3,3,9,,YES,PARTIAL,"family helper exists, row-level routed wrapper not proven",YES,NO,NO,NO,355
75,CPS4P,current_L4_registry,KNOWN_REGISTERED,,SOLID_2D,POROUS_OR_PORE_PRESSURE,REGISTERED,KEEP_REGISTERED,CPS4P,MD_MESH_ELEM_CPS4P,PH_ELEM_FAMILY_CPS,4,4,12,,YES,PARTIAL,"family helper exists, row-level routed wrapper not proven",YES,NO,NO,NO,356
76,CPS6P,current_L4_registry,KNOWN_REGISTERED,,SOLID_2D,POROUS_OR_PORE_PRESSURE,REGISTERED,KEEP_REGISTERED,CPS6P,MD_MESH_ELEM_CPS6P,PH_ELEM_FAMILY_CPS,6,3,18,,YES,PARTIAL,"family helper exists, row-level routed wrapper not proven",YES,NO,NO,NO,357
77,CPS8P,current_L4_registry,KNOWN_REGISTERED,,SOLID_2D,POROUS_OR_PORE_PRESSURE,REGISTERED,KEEP_REGISTERED,CPS8P,MD_MESH_ELEM_CPS8P,PH_ELEM_FAMILY_CPS,8,9,24,,YES,PARTIAL,"family helper exists, row-level routed wrapper not proven",YES,NO,NO,NO,358
78,CAX3,current_L4_registry,KNOWN_REGISTERED,,SOLID_2D,BASE,REGISTERED,KEEP_REGISTERED,CAX3,PH_ELEM_CAX3,PH_ELEM_FAMILY_CAX,3,3,6,,YES,ROUTED_PER_ELEMENT,exact routed wrapper found,YES,NO,YES,NO,361
79,CAX6,current_L4_registry,KNOWN_REGISTERED,,SOLID_2D,BASE,REGISTERED,KEEP_REGISTERED,CAX6,PH_ELEM_CAX6,PH_ELEM_FAMILY_CAX,6,3,12,,YES,ROUTED_PER_ELEMENT,exact routed wrapper found,YES,NO,YES,NO,362
80,CAX6R,current_L4_registry,KNOWN_REGISTERED,,SOLID_2D,REDUCED_OR_SPECIAL_INTEGRATION,REGISTERED,KEEP_ALIAS_TO_BASE,CAX6R,PH_ELEM_CAX6R,PH_ELEM_FAMILY_CAX,6,3,12,PH_ELEM_CAX6,NO,FAMILY_ROUTE,alias/base route via PH_ELEM_CAX6,YES,NO,NO,YES,363
81,CAX4,current_L4_registry,KNOWN_REGISTERED,,SOLID_2D,BASE,REGISTERED,KEEP_REGISTERED,CAX4,PH_ELEM_CAX4,PH_ELEM_FAMILY_CAX,4,4,8,,YES,ROUTED_PER_ELEMENT,exact routed wrapper found,YES,NO,YES,NO,364
82,CAX4R,current_L4_registry,KNOWN_REGISTERED,,SOLID_2D,REDUCED_OR_SPECIAL_INTEGRATION,REGISTERED,KEEP_ALIAS_TO_BASE,CAX4R,PH_ELEM_CAX4R,PH_ELEM_FAMILY_CAX,4,1,8,PH_ELEM_CAX4,NO,FAMILY_ROUTE,alias/base route via PH_ELEM_CAX4,YES,NO,NO,YES,365
83,CAX4H,current_L4_registry,KNOWN_REGISTERED,,SOLID_2D,HYBRID,REGISTERED,KEEP_ALIAS_TO_BASE,CAX4H,PH_ELEM_CAX4H,PH_ELEM_FAMILY_CAX,4,4,8,PH_ELEM_CAX4,NO,FAMILY_ROUTE,alias/base route via PH_ELEM_CAX4,YES,NO,NO,YES,366
84,CAX8,current_L4_registry,KNOWN_REGISTERED,,SOLID_2D,BASE,REGISTERED,KEEP_REGISTERED,CAX8,PH_ELEM_CAX8,PH_ELEM_FAMILY_CAX,8,9,16,,YES,ROUTED_PER_ELEMENT,exact routed wrapper found,YES,NO,YES,NO,367
85,CAX8R,current_L4_registry,KNOWN_REGISTERED,,SOLID_2D,REDUCED_OR_SPECIAL_INTEGRATION,REGISTERED,KEEP_ALIAS_TO_BASE,CAX8R,PH_ELEM_CAX8R,PH_ELEM_FAMILY_CAX,8,9,16,PH_ELEM_CAX8,NO,FAMILY_ROUTE,alias/base route via PH_ELEM_CAX8,YES,NO,NO,YES,368
86,CAX8I,current_L4_registry,KNOWN_REGISTERED,,SOLID_2D,INCOMPATIBLE_MODE,REGISTERED,KEEP_ALIAS_TO_BASE,CAX8I,PH_ELEM_CAX8I,PH_ELEM_FAMILY_CAX,8,9,16,PH_ELEM_CAX8,NO,FAMILY_ROUTE,alias/base route via PH_ELEM_CAX8,YES,NO,NO,YES,369
87,CAX8H,current_L4_registry,KNOWN_REGISTERED,,SOLID_2D,HYBRID,REGISTERED,KEEP_ALIAS_TO_BASE,CAX8H,PH_ELEM_CAX8H,PH_ELEM_FAMILY_CAX,8,9,16,PH_ELEM_CAX8,NO,FAMILY_ROUTE,alias/base route via PH_ELEM_CAX8,YES,NO,NO,YES,370
88,CAX3T,current_L4_registry,KNOWN_REGISTERED,,SOLID_2D,THERMO_MECHANICAL,REGISTERED,KEEP_REGISTERED,CAX3T,MD_MESH_ELEM_CAX3T,PH_ELEM_FAMILY_CAX,3,3,9,,YES,ROUTED_PER_ELEMENT,exact routed wrapper found,YES,NO,YES,NO,371
89,CAX6T,current_L4_registry,KNOWN_REGISTERED,,SOLID_2D,THERMO_MECHANICAL,REGISTERED,KEEP_REGISTERED,CAX6T,MD_MESH_ELEM_CAX6T,PH_ELEM_FAMILY_CAX,6,3,18,,YES,ROUTED_PER_ELEMENT,exact routed wrapper found,YES,NO,YES,NO,372
90,CAX4T,current_L4_registry,KNOWN_REGISTERED,,SOLID_2D,THERMO_MECHANICAL,REGISTERED,KEEP_REGISTERED,CAX4T,PH_ELEM_CAX4T,PH_ELEM_FAMILY_CAX,4,4,12,,YES,ROUTED_PER_ELEMENT,exact routed wrapper found,YES,NO,YES,NO,373
91,CAX8T,current_L4_registry,KNOWN_REGISTERED,,SOLID_2D,THERMO_MECHANICAL,REGISTERED,KEEP_REGISTERED,CAX8T,PH_ELEM_CAX8T,PH_ELEM_FAMILY_CAX,8,9,24,,YES,ROUTED_PER_ELEMENT,exact routed wrapper found,YES,NO,YES,NO,374
92,CAX3P,current_L4_registry,KNOWN_REGISTERED,,SOLID_2D,POROUS_OR_PORE_PRESSURE,REGISTERED,KEEP_REGISTERED,CAX3P,MD_MESH_ELEM_CAX3P,PH_ELEM_FAMILY_CAX,3,3,9,,YES,PARTIAL,"family helper exists, row-level routed wrapper not proven",YES,NO,NO,NO,375
93,CAX6P,current_L4_registry,KNOWN_REGISTERED,,SOLID_2D,POROUS_OR_PORE_PRESSURE,REGISTERED,KEEP_REGISTERED,CAX6P,MD_MESH_ELEM_CAX6P,PH_ELEM_FAMILY_CAX,6,3,18,,YES,PARTIAL,"family helper exists, row-level routed wrapper not proven",YES,NO,NO,NO,376
94,CAX4P,current_L4_registry,KNOWN_REGISTERED,,SOLID_2D,POROUS_OR_PORE_PRESSURE,REGISTERED,KEEP_REGISTERED,CAX4P,PH_ELEM_CAX4P,PH_ELEM_FAMILY_CAX,4,4,12,,YES,PARTIAL,"family helper exists, row-level routed wrapper not proven",YES,NO,NO,NO,377
95,CAX8P,current_L4_registry,KNOWN_REGISTERED,,SOLID_2D,POROUS_OR_PORE_PRESSURE,REGISTERED,KEEP_REGISTERED,CAX8P,PH_ELEM_CAX8P,PH_ELEM_FAMILY_CAX,8,9,24,,YES,PARTIAL,"family helper exists, row-level routed wrapper not proven",YES,NO,NO,NO,378
96,S3,current_L4_registry,KNOWN_REGISTERED,,SHELL,BASE,REGISTERED,KEEP_REGISTERED,S3,PH_ELEM_S3,PH_ELEM_FAMILY_S,3,3,18,,YES,ROUTED_PER_ELEMENT,exact routed wrapper found,YES,NO,YES,NO,381
97,S3R,current_L4_registry,KNOWN_REGISTERED,,SHELL,REDUCED_OR_SPECIAL_INTEGRATION,REGISTERED,KEEP_ALIAS_TO_BASE,S3R,PH_ELEM_S3R,PH_ELEM_FAMILY_S,3,3,18,PH_ELEM_S3,NO,FAMILY_ROUTE,alias/base route via PH_ELEM_S3,YES,NO,NO,YES,382
98,STRI3,current_L4_registry,KNOWN_REGISTERED,,SHELL,BASE,REGISTERED,KEEP_REGISTERED,STRI3,PH_ELEM_STRI3,PH_ELEM_FAMILY_S,3,3,15,,NO,PARTIAL,"family helper exists, row-level routed wrapper not proven",YES,NO,NO,NO,383
99,S6,current_L4_registry,KNOWN_REGISTERED,,SHELL,BASE,REGISTERED,KEEP_REGISTERED,S6,PH_ELEM_S6,PH_ELEM_FAMILY_S,6,3,36,,YES,ROUTED_PER_ELEMENT,exact routed wrapper found,YES,NO,YES,NO,384
100,S6R,current_L4_registry,KNOWN_REGISTERED,,SHELL,REDUCED_OR_SPECIAL_INTEGRATION,REGISTERED,KEEP_ALIAS_TO_BASE,S6R,PH_ELEM_S6R,PH_ELEM_FAMILY_S,6,3,36,PH_ELEM_S6,NO,FAMILY_ROUTE,alias/base route via PH_ELEM_S6,YES,NO,NO,YES,385
101,STRI65,current_L4_registry,KNOWN_REGISTERED,,SHELL,BASE,REGISTERED,KEEP_REGISTERED,STRI65,PH_ELEM_STRI65,PH_ELEM_FAMILY_S,6,3,30,,NO,PARTIAL,"family helper exists, row-level routed wrapper not proven",YES,NO,NO,NO,386
102,S4,current_L4_registry,KNOWN_REGISTERED,,SHELL,BASE,REGISTERED,KEEP_REGISTERED,S4,PH_ELEM_S4,PH_ELEM_FAMILY_S,4,4,24,,YES,ROUTED_PER_ELEMENT,exact routed wrapper found,YES,NO,YES,NO,387
103,S4R,current_L4_registry,KNOWN_REGISTERED,,SHELL,REDUCED_OR_SPECIAL_INTEGRATION,REGISTERED,KEEP_ALIAS_TO_BASE,S4R,PH_ELEM_S4R,PH_ELEM_FAMILY_S,4,1,24,PH_ELEM_S4,NO,FAMILY_ROUTE,alias/base route via PH_ELEM_S4,YES,NO,NO,YES,388
104,S4RS,current_L4_registry,KNOWN_REGISTERED,,SHELL,REDUCED_OR_SPECIAL_INTEGRATION,REGISTERED,KEEP_ALIAS_TO_BASE,S4RS,PH_ELEM_S4RS,PH_ELEM_FAMILY_S,4,1,24,PH_ELEM_S4,NO,FAMILY_ROUTE,alias/base route via PH_ELEM_S4,YES,NO,NO,YES,389
105,S4R5,current_L4_registry,KNOWN_REGISTERED,,SHELL,REDUCED_OR_SPECIAL_INTEGRATION,REGISTERED,KEEP_ALIAS_TO_BASE,S4R5,PH_ELEM_S4R5,PH_ELEM_FAMILY_S,4,1,20,PH_ELEM_S4,NO,FAMILY_ROUTE,alias/base route via PH_ELEM_S4,YES,NO,NO,YES,390
106,S8,current_L4_registry,KNOWN_REGISTERED,,SHELL,BASE,REGISTERED,KEEP_REGISTERED,S8,PH_ELEM_S8,PH_ELEM_FAMILY_S,8,9,48,,YES,ROUTED_PER_ELEMENT,exact routed wrapper found,YES,NO,YES,NO,391
107,S8R,current_L4_registry,KNOWN_REGISTERED,,SHELL,REDUCED_OR_SPECIAL_INTEGRATION,REGISTERED,KEEP_ALIAS_TO_BASE,S8R,PH_ELEM_S8R,PH_ELEM_FAMILY_S,8,9,48,PH_ELEM_S8,NO,FAMILY_ROUTE,alias/base route via PH_ELEM_S8,YES,NO,NO,YES,392
108,S8R5,current_L4_registry,KNOWN_REGISTERED,,SHELL,REDUCED_OR_SPECIAL_INTEGRATION,REGISTERED,KEEP_ALIAS_TO_BASE,S8R5,PH_ELEM_S8R5,PH_ELEM_FAMILY_S,8,9,40,PH_ELEM_S8,NO,FAMILY_ROUTE,alias/base route via PH_ELEM_S8,YES,NO,NO,YES,393
109,S9R5,current_L4_registry,KNOWN_REGISTERED,,SHELL,REDUCED_OR_SPECIAL_INTEGRATION,REGISTERED,KEEP_REGISTERED,S9R5,PH_ELEM_S9R5,PH_ELEM_FAMILY_S,9,9,45,,NO,PARTIAL,"family helper exists, row-level routed wrapper not proven",YES,NO,NO,NO,394
110,S9,current_L4_registry,KNOWN_REGISTERED,,SHELL,BASE,REGISTERED,KEEP_REGISTERED,S9,MD_MESH_ELEM_S9,PH_ELEM_FAMILY_S,9,4,54,,YES,ROUTED_PER_ELEMENT,exact routed wrapper found,YES,NO,YES,NO,395
111,SC6R,current_L4_registry,KNOWN_REGISTERED,,SHELL,REDUCED_OR_SPECIAL_INTEGRATION,REGISTERED,KEEP_REGISTERED,SC6R,PH_ELEM_SC6R,PH_ELEM_FAMILY_S,6,3,36,,NO,PARTIAL,"family helper exists, row-level routed wrapper not proven",YES,NO,NO,NO,396
112,SC8R,current_L4_registry,KNOWN_REGISTERED,,SHELL,REDUCED_OR_SPECIAL_INTEGRATION,REGISTERED,KEEP_REGISTERED,SC8R,PH_ELEM_SC8R,PH_ELEM_FAMILY_S,8,9,48,,NO,PARTIAL,"family helper exists, row-level routed wrapper not proven",YES,NO,NO,NO,397
113,S4T,current_L4_registry,KNOWN_REGISTERED,,SHELL,THERMO_MECHANICAL,REGISTERED,KEEP_REGISTERED,S4T,PH_ELEM_S4T,PH_ELEM_FAMILY_S,4,4,28,,YES,ROUTED_PER_ELEMENT,exact routed wrapper found,YES,NO,YES,NO,399
114,S8RT,current_L4_registry,KNOWN_REGISTERED,,SHELL,THERMO_MECHANICAL,REGISTERED,KEEP_REGISTERED,S8RT,PH_ELEM_S8RT,PH_ELEM_FAMILY_S,8,9,56,,YES,ROUTED_PER_ELEMENT,exact routed wrapper found,YES,NO,YES,NO,400
115,SAX1,current_L4_registry,KNOWN_REGISTERED,,SHELL,BASE,REGISTERED,KEEP_REGISTERED,SAX1,PH_ELEM_SAX1,PH_ELEM_FAMILY_S,1,1,2,,NO,PARTIAL,"family helper exists, row-level routed wrapper not proven",YES,NO,NO,NO,401
116,SAX2,current_L4_registry,KNOWN_REGISTERED,,SHELL,BASE,REGISTERED,KEEP_REGISTERED,SAX2,PH_ELEM_SAX2,PH_ELEM_FAMILY_S,2,1,4,,NO,PARTIAL,"family helper exists, row-level routed wrapper not proven",YES,NO,NO,NO,402
117,SAX2T,current_L4_registry,KNOWN_REGISTERED,,SHELL,THERMO_MECHANICAL,REGISTERED,KEEP_REGISTERED,SAX2T,PH_ELEM_SAX2T,PH_ELEM_FAMILY_S,2,1,4,,NO,PARTIAL,"family helper exists, row-level routed wrapper not proven",YES,NO,NO,NO,403
118,DS3,current_L4_registry,KNOWN_REGISTERED,,THERMAL,BASE,REGISTERED,KEEP_REGISTERED,DS3,MD_MESH_ELEM_DS3,PH_ELEM_FAMILY_S,3,3,3,,YES,ROUTED_PER_ELEMENT,exact routed wrapper found,YES,NO,YES,NO,404
119,DS4,current_L4_registry,KNOWN_REGISTERED,,THERMAL,BASE,REGISTERED,KEEP_REGISTERED,DS4,MD_MESH_ELEM_DS4,PH_ELEM_FAMILY_S,4,4,4,,YES,ROUTED_PER_ELEMENT,exact routed wrapper found,YES,NO,YES,NO,405
120,DS6,current_L4_registry,KNOWN_REGISTERED,,THERMAL,BASE,REGISTERED,KEEP_REGISTERED,DS6,MD_MESH_ELEM_DS6,PH_ELEM_FAMILY_S,6,3,6,,YES,ROUTED_PER_ELEMENT,exact routed wrapper found,YES,NO,YES,NO,406
121,DS8,current_L4_registry,KNOWN_REGISTERED,,THERMAL,BASE,REGISTERED,KEEP_REGISTERED,DS8,MD_MESH_ELEM_DS8,PH_ELEM_FAMILY_S,8,9,8,,YES,ROUTED_PER_ELEMENT,exact routed wrapper found,YES,NO,YES,NO,407
122,B21,current_L4_registry,KNOWN_REGISTERED,,BEAM,BASE,REGISTERED,KEEP_REGISTERED,B21,PH_ELEM_B21,PH_ELEM_FAMILY_B,2,1,6,,YES,FAMILY_ROUTE,beam family E/nu wrapper,YES,NO,NO,YES,410
123,B21H,current_L4_registry,KNOWN_REGISTERED,,BEAM,HYBRID,REGISTERED,KEEP_REGISTERED,B21H,PH_ELEM_B21H,PH_ELEM_FAMILY_B,2,1,6,,YES,FAMILY_ROUTE,beam family E/nu wrapper,YES,NO,NO,YES,411
124,B22,current_L4_registry,KNOWN_REGISTERED,,BEAM,BASE,REGISTERED,KEEP_REGISTERED,B22,PH_ELEM_B22,PH_ELEM_FAMILY_B,3,1,9,,YES,FAMILY_ROUTE,beam family E/nu wrapper,YES,NO,NO,YES,412
125,B22H,current_L4_registry,KNOWN_REGISTERED,,BEAM,HYBRID,REGISTERED,KEEP_REGISTERED,B22H,PH_ELEM_B22H,PH_ELEM_FAMILY_B,3,1,9,,YES,FAMILY_ROUTE,beam family E/nu wrapper,YES,NO,NO,YES,413
126,B23,current_L4_registry,KNOWN_REGISTERED,,BEAM,BASE,REGISTERED,KEEP_REGISTERED,B23,PH_ELEM_B23,PH_ELEM_FAMILY_B,2,1,6,,YES,FAMILY_ROUTE,beam family E/nu wrapper,YES,NO,NO,YES,414
127,B21T,current_L4_registry,KNOWN_REGISTERED,,BEAM,THERMO_MECHANICAL,REGISTERED,KEEP_REGISTERED,B21T,PH_ELEM_B21T,PH_ELEM_FAMILY_B,2,1,8,,YES,FAMILY_ROUTE,beam family E/nu wrapper,YES,NO,NO,YES,416
128,B31,current_L4_registry,KNOWN_REGISTERED,,BEAM,BASE,REGISTERED,KEEP_REGISTERED,B31,PH_ELEM_B31,PH_ELEM_FAMILY_B,2,1,12,,YES,FAMILY_ROUTE,beam family E/nu wrapper,YES,NO,NO,YES,417
129,B31H,current_L4_registry,KNOWN_REGISTERED,,BEAM,HYBRID,REGISTERED,KEEP_REGISTERED,B31H,PH_ELEM_B31H,PH_ELEM_FAMILY_B,2,1,12,,YES,FAMILY_ROUTE,beam family E/nu wrapper,YES,NO,NO,YES,418
130,B31OS,current_L4_registry,KNOWN_REGISTERED,,BEAM,BEAM_SPECIAL_VARIANT,REGISTERED,KEEP_REGISTERED,B31OS,PH_ELEM_B31OS,PH_ELEM_FAMILY_B,2,1,12,,YES,FAMILY_ROUTE,beam family E/nu wrapper,YES,NO,NO,YES,419
131,B32,current_L4_registry,KNOWN_REGISTERED,,BEAM,BASE,REGISTERED,KEEP_REGISTERED,B32,PH_ELEM_B32,PH_ELEM_FAMILY_B,3,1,18,,YES,FAMILY_ROUTE,beam family E/nu wrapper,YES,NO,NO,YES,420
132,B32H,current_L4_registry,KNOWN_REGISTERED,,BEAM,HYBRID,REGISTERED,KEEP_REGISTERED,B32H,PH_ELEM_B32H,PH_ELEM_FAMILY_B,3,1,18,,YES,FAMILY_ROUTE,beam family E/nu wrapper,YES,NO,NO,YES,421
133,B32OS,current_L4_registry,KNOWN_REGISTERED,,BEAM,BEAM_SPECIAL_VARIANT,REGISTERED,KEEP_REGISTERED,B32OS,PH_ELEM_B32OS,PH_ELEM_FAMILY_B,3,1,18,,YES,FAMILY_ROUTE,beam family E/nu wrapper,YES,NO,NO,YES,422
134,B33,current_L4_registry,KNOWN_REGISTERED,,BEAM,BASE,REGISTERED,KEEP_REGISTERED,B33,PH_ELEM_B33,PH_ELEM_FAMILY_B,2,1,12,,YES,FAMILY_ROUTE,beam family E/nu wrapper,YES,NO,NO,YES,423
135,B33H,current_L4_registry,KNOWN_REGISTERED,,BEAM,HYBRID,REGISTERED,KEEP_REGISTERED,B33H,PH_ELEM_B33H,PH_ELEM_FAMILY_B,2,1,12,,YES,FAMILY_ROUTE,beam family E/nu wrapper,YES,NO,NO,YES,424
136,B34,current_L4_registry,KNOWN_REGISTERED,,BEAM,BASE,REGISTERED,KEEP_REGISTERED,B34,PH_ELEM_B34,PH_ELEM_FAMILY_B,2,1,12,,YES,FAMILY_ROUTE,beam family E/nu wrapper,YES,NO,NO,YES,425
137,B34H,current_L4_registry,KNOWN_REGISTERED,,BEAM,HYBRID,REGISTERED,KEEP_REGISTERED,B34H,PH_ELEM_B34H,PH_ELEM_FAMILY_B,2,1,12,,YES,FAMILY_ROUTE,beam family E/nu wrapper,YES,NO,NO,YES,426
138,B31T,current_L4_registry,KNOWN_REGISTERED,,BEAM,THERMO_MECHANICAL,REGISTERED,KEEP_REGISTERED,B31T,PH_ELEM_B31T,PH_ELEM_FAMILY_B,2,1,14,,YES,FAMILY_ROUTE,beam family E/nu wrapper,YES,NO,NO,YES,428
139,B31EX,current_L4_registry,KNOWN_REGISTERED,,BEAM,BASE,REGISTERED,KEEP_REGISTERED,B31EX,PH_ELEM_B31EX,PH_ELEM_FAMILY_B,2,1,12,,YES,FAMILY_ROUTE,beam family E/nu wrapper,YES,NO,NO,YES,429
140,PIPE21,current_L4_registry,KNOWN_REGISTERED,,BEAM,BASE,REGISTERED,KEEP_REGISTERED,PIPE21,MD_MESH_ELEM_PIPE21,PH_ELEM_FAMILY_B,2,2,6,,YES,ROUTED_PER_ELEMENT,exact routed wrapper found,YES,NO,YES,NO,430
141,PIPE22,current_L4_registry,KNOWN_REGISTERED,,BEAM,BASE,REGISTERED,KEEP_REGISTERED,PIPE22,MD_MESH_ELEM_PIPE22,PH_ELEM_FAMILY_B,2,2,6,,YES,ROUTED_PER_ELEMENT,exact routed wrapper found,YES,NO,YES,NO,431
142,T2D2,current_L4_registry,KNOWN_REGISTERED,,TRUSS,BASE,REGISTERED,KEEP_REGISTERED,T2D2,PH_ELEM_T2D2,PH_ELEM_FAMILY_T,2,1,4,,YES,ROUTED_PER_ELEMENT,exact routed wrapper found,YES,NO,YES,NO,434
143,T2D2H,current_L4_registry,KNOWN_REGISTERED,,TRUSS,HYBRID,REGISTERED,KEEP_REGISTERED,T2D2H,PH_ELEM_T2D2H,PH_ELEM_FAMILY_T,2,1,4,,NO,PARTIAL,"family helper exists, row-level routed wrapper not proven",YES,NO,NO,NO,435
144,T2D3,current_L4_registry,KNOWN_REGISTERED,,TRUSS,BASE,REGISTERED,KEEP_REGISTERED,T2D3,PH_ELEM_T2D3,PH_ELEM_FAMILY_T,3,1,6,,NO,PARTIAL,"family helper exists, row-level routed wrapper not proven",YES,NO,NO,NO,436
145,T2D3H,current_L4_registry,KNOWN_REGISTERED,,TRUSS,HYBRID,REGISTERED,KEEP_REGISTERED,T2D3H,PH_ELEM_T2D3H,PH_ELEM_FAMILY_T,3,1,6,,NO,PARTIAL,"family helper exists, row-level routed wrapper not proven",YES,NO,NO,NO,437
146,T2D2T,current_L4_registry,KNOWN_REGISTERED,,TRUSS,THERMO_MECHANICAL,REGISTERED,KEEP_REGISTERED,T2D2T,PH_ELEM_T2D2T,PH_ELEM_FAMILY_T,2,1,4,,NO,PARTIAL,"family helper exists, row-level routed wrapper not proven",YES,NO,NO,NO,438
147,T3D2,current_L4_registry,KNOWN_REGISTERED,,TRUSS,BASE,REGISTERED,KEEP_REGISTERED,T3D2,PH_ELEM_T3D2,PH_ELEM_FAMILY_T,2,1,6,,YES,ROUTED_PER_ELEMENT,exact routed wrapper found,YES,NO,YES,NO,439
148,T3D2H,current_L4_registry,KNOWN_REGISTERED,,TRUSS,HYBRID,REGISTERED,KEEP_REGISTERED,T3D2H,PH_ELEM_T3D2H,PH_ELEM_FAMILY_T,2,1,6,,NO,PARTIAL,"family helper exists, row-level routed wrapper not proven",YES,NO,NO,NO,440
149,T3D3,current_L4_registry,KNOWN_REGISTERED,,TRUSS,BASE,REGISTERED,KEEP_REGISTERED,T3D3,PH_ELEM_T3D3,PH_ELEM_FAMILY_T,3,1,9,,YES,ROUTED_PER_ELEMENT,exact routed wrapper found,YES,NO,YES,NO,441
150,T3D3H,current_L4_registry,KNOWN_REGISTERED,,TRUSS,HYBRID,REGISTERED,KEEP_REGISTERED,T3D3H,PH_ELEM_T3D3H,PH_ELEM_FAMILY_T,3,1,9,,NO,PARTIAL,"family helper exists, row-level routed wrapper not proven",YES,NO,NO,NO,442
151,T3D2T,current_L4_registry,KNOWN_REGISTERED,,TRUSS,THERMO_MECHANICAL,REGISTERED,KEEP_REGISTERED,T3D2T,PH_ELEM_T3D2T,PH_ELEM_FAMILY_T,2,1,6,,NO,PARTIAL,"family helper exists, row-level routed wrapper not proven",YES,NO,NO,NO,443
152,M3D3,current_L4_registry,KNOWN_REGISTERED,,MEMBRANE,BASE,REGISTERED,KEEP_REGISTERED,M3D3,PH_ELEM_M3D3,PH_ELEM_FAMILY_OTHER,3,3,9,,NO,PARTIAL,"family helper exists, row-level routed wrapper not proven",YES,NO,NO,NO,446
153,M3D3R,current_L4_registry,KNOWN_REGISTERED,,MEMBRANE,REDUCED_OR_SPECIAL_INTEGRATION,REGISTERED,KEEP_ALIAS_TO_BASE,M3D3R,PH_ELEM_M3D3R,PH_ELEM_FAMILY_OTHER,3,3,9,PH_ELEM_M3D3,NO,FAMILY_ROUTE,alias/base route via PH_ELEM_M3D3,YES,NO,NO,YES,447
154,M3D4,current_L4_registry,KNOWN_REGISTERED,,MEMBRANE,BASE,REGISTERED,KEEP_REGISTERED,M3D4,PH_ELEM_M3D4,PH_ELEM_FAMILY_OTHER,4,4,12,,NO,PARTIAL,"family helper exists, row-level routed wrapper not proven",YES,NO,NO,NO,448
155,M3D4R,current_L4_registry,KNOWN_REGISTERED,,MEMBRANE,REDUCED_OR_SPECIAL_INTEGRATION,REGISTERED,KEEP_ALIAS_TO_BASE,M3D4R,PH_ELEM_M3D4R,PH_ELEM_FAMILY_OTHER,4,1,12,PH_ELEM_M3D4,NO,FAMILY_ROUTE,alias/base route via PH_ELEM_M3D4,YES,NO,NO,YES,449
156,M3D6,current_L4_registry,KNOWN_REGISTERED,,MEMBRANE,BASE,REGISTERED,KEEP_REGISTERED,M3D6,PH_ELEM_M3D6,PH_ELEM_FAMILY_OTHER,6,3,18,,NO,PARTIAL,"family helper exists, row-level routed wrapper not proven",YES,NO,NO,NO,450
157,M3D6R,current_L4_registry,KNOWN_REGISTERED,,MEMBRANE,REDUCED_OR_SPECIAL_INTEGRATION,REGISTERED,KEEP_ALIAS_TO_BASE,M3D6R,PH_ELEM_M3D6R,PH_ELEM_FAMILY_OTHER,6,3,18,PH_ELEM_M3D6,NO,FAMILY_ROUTE,alias/base route via PH_ELEM_M3D6,YES,NO,NO,YES,451
158,M3D8,current_L4_registry,KNOWN_REGISTERED,,MEMBRANE,BASE,REGISTERED,KEEP_REGISTERED,M3D8,PH_ELEM_M3D8,PH_ELEM_FAMILY_OTHER,8,9,24,,NO,PARTIAL,"family helper exists, row-level routed wrapper not proven",YES,NO,NO,NO,452
159,M3D8R,current_L4_registry,KNOWN_REGISTERED,,MEMBRANE,REDUCED_OR_SPECIAL_INTEGRATION,REGISTERED,KEEP_ALIAS_TO_BASE,M3D8R,PH_ELEM_M3D8R,PH_ELEM_FAMILY_OTHER,8,9,24,PH_ELEM_M3D8,NO,FAMILY_ROUTE,alias/base route via PH_ELEM_M3D8,YES,NO,NO,YES,453
160,M3D9R,current_L4_registry,KNOWN_REGISTERED,,MEMBRANE,REDUCED_OR_SPECIAL_INTEGRATION,REGISTERED,KEEP_REGISTERED,M3D9R,MD_MESH_ELEM_M3D9R,PH_ELEM_FAMILY_OTHER,4,4,12,,NO,ROUTED_PER_ELEMENT,exact routed wrapper found,YES,NO,YES,NO,454
161,M2D3,current_L4_registry,KNOWN_REGISTERED,,MEMBRANE,BASE,REGISTERED,KEEP_REGISTERED,M2D3,PH_ELEM_M2D3,PH_ELEM_FAMILY_OTHER,3,3,6,,NO,PARTIAL,"family helper exists, row-level routed wrapper not proven",YES,NO,NO,NO,455
162,M2D3R,current_L4_registry,KNOWN_REGISTERED,,MEMBRANE,REDUCED_OR_SPECIAL_INTEGRATION,REGISTERED,KEEP_ALIAS_TO_BASE,M2D3R,PH_ELEM_M2D3R,PH_ELEM_FAMILY_OTHER,3,3,6,PH_ELEM_M2D3,NO,FAMILY_ROUTE,alias/base route via PH_ELEM_M2D3,YES,NO,NO,YES,456
163,M2D4,current_L4_registry,KNOWN_REGISTERED,,MEMBRANE,BASE,REGISTERED,KEEP_REGISTERED,M2D4,PH_ELEM_M2D4,PH_ELEM_FAMILY_OTHER,4,4,8,,NO,PARTIAL,"family helper exists, row-level routed wrapper not proven",YES,NO,NO,NO,457
164,M2D4R,current_L4_registry,KNOWN_REGISTERED,,MEMBRANE,REDUCED_OR_SPECIAL_INTEGRATION,REGISTERED,KEEP_ALIAS_TO_BASE,M2D4R,PH_ELEM_M2D4R,PH_ELEM_FAMILY_OTHER,4,1,8,PH_ELEM_M2D4,NO,FAMILY_ROUTE,alias/base route via PH_ELEM_M2D4,YES,NO,NO,YES,458
165,MAX2,current_L4_registry,KNOWN_REGISTERED,,MEMBRANE,BASE,REGISTERED,KEEP_REGISTERED,MAX2,PH_ELEM_MAX2,PH_ELEM_FAMILY_OTHER,2,1,4,,NO,PARTIAL,"family helper exists, row-level routed wrapper not proven",YES,NO,NO,NO,459
166,DC1D2,current_L4_registry,KNOWN_REGISTERED,,THERMAL,BASE,REGISTERED,KEEP_REGISTERED,DC1D2,PH_ELEM_DC1D2,PH_ELEM_FAMILY_OTHER,2,1,2,,NO,FAMILY_ROUTE,thermal transfer topology accepted via scalar conductivity family route,YES,NO,NO,YES,462
167,DC1D3,current_L4_registry,KNOWN_REGISTERED,,THERMAL,BASE,REGISTERED,KEEP_REGISTERED,DC1D3,PH_ELEM_DC1D3,PH_ELEM_FAMILY_OTHER,3,1,3,,NO,FAMILY_ROUTE,thermal transfer topology accepted via scalar conductivity family route,YES,NO,NO,YES,463
168,DC2D3,current_L4_registry,KNOWN_REGISTERED,,THERMAL,BASE,REGISTERED,KEEP_REGISTERED,DC2D3,PH_ELEM_DC2D3,PH_ELEM_FAMILY_OTHER,3,3,3,,NO,FAMILY_ROUTE,thermal transfer topology accepted via scalar conductivity family route,YES,NO,NO,YES,464
169,DC2D4,current_L4_registry,KNOWN_REGISTERED,,THERMAL,BASE,REGISTERED,KEEP_REGISTERED,DC2D4,PH_ELEM_DC2D4,PH_ELEM_FAMILY_OTHER,4,4,4,,NO,FAMILY_ROUTE,thermal transfer topology accepted via scalar conductivity family route,YES,NO,NO,YES,465
170,DC2D6,current_L4_registry,KNOWN_REGISTERED,,THERMAL,BASE,REGISTERED,KEEP_REGISTERED,DC2D6,PH_ELEM_DC2D6,PH_ELEM_FAMILY_OTHER,6,3,6,,NO,FAMILY_ROUTE,thermal transfer topology accepted via scalar conductivity family route,YES,NO,NO,YES,466
171,DC2D8,current_L4_registry,KNOWN_REGISTERED,,THERMAL,BASE,REGISTERED,KEEP_REGISTERED,DC2D8,PH_ELEM_DC2D8,PH_ELEM_FAMILY_OTHER,8,9,8,,NO,FAMILY_ROUTE,thermal transfer topology accepted via scalar conductivity family route,YES,NO,NO,YES,467
172,DC3D4,current_L4_registry,KNOWN_REGISTERED,,THERMAL,BASE,REGISTERED,KEEP_REGISTERED,DC3D4,PH_ELEM_DC3D4,PH_ELEM_FAMILY_OTHER,4,1,4,,NO,FAMILY_ROUTE,thermal transfer topology accepted via scalar conductivity family route,YES,NO,NO,YES,468
173,DC3D6,current_L4_registry,KNOWN_REGISTERED,,THERMAL,BASE,REGISTERED,KEEP_REGISTERED,DC3D6,PH_ELEM_DC3D6,PH_ELEM_FAMILY_OTHER,6,6,6,,NO,FAMILY_ROUTE,thermal transfer topology accepted via scalar conductivity family route,YES,NO,NO,YES,469
174,DC3D8,current_L4_registry,KNOWN_REGISTERED,,THERMAL,BASE,REGISTERED,KEEP_REGISTERED,DC3D8,PH_ELEM_DC3D8,PH_ELEM_FAMILY_OTHER,8,8,8,,NO,FAMILY_ROUTE,thermal transfer topology accepted via scalar conductivity family route,YES,NO,NO,YES,470
175,DC3D10,current_L4_registry,KNOWN_REGISTERED,,THERMAL,BASE,REGISTERED,KEEP_REGISTERED,DC3D10,PH_ELEM_DC3D10,PH_ELEM_FAMILY_OTHER,10,4,10,,NO,FAMILY_ROUTE,thermal transfer topology accepted via scalar conductivity family route,YES,NO,NO,YES,471
176,DC3D15,current_L4_registry,KNOWN_REGISTERED,,THERMAL,BASE,REGISTERED,KEEP_REGISTERED,DC3D15,PH_ELEM_DC3D15,PH_ELEM_FAMILY_OTHER,15,9,15,,NO,FAMILY_ROUTE,thermal transfer topology accepted via scalar conductivity family route,YES,NO,NO,YES,472
177,DC3D20,current_L4_registry,KNOWN_REGISTERED,,THERMAL,BASE,REGISTERED,KEEP_REGISTERED,DC3D20,PH_ELEM_DC3D20,PH_ELEM_FAMILY_OTHER,20,27,20,,NO,FAMILY_ROUTE,thermal transfer topology accepted via scalar conductivity family route,YES,NO,NO,YES,473
178,AC1D2,current_L4_registry,KNOWN_REGISTERED,,ACOUSTIC,SPECIAL_PHYSICS,REGISTERED,KEEP_REGISTERED,AC1D2,PH_ELEM_AC1D2,PH_ELEM_FAMILY_OTHER,2,1,2,,YES,FAMILY_ROUTE,acoustic fluid family wrapper,YES,NO,NO,YES,476
179,AC1D3,current_L4_registry,KNOWN_REGISTERED,,ACOUSTIC,SPECIAL_PHYSICS,REGISTERED,KEEP_REGISTERED,AC1D3,PH_ELEM_AC1D3,PH_ELEM_FAMILY_OTHER,3,1,3,,YES,FAMILY_ROUTE,acoustic fluid family wrapper,YES,NO,NO,YES,477
180,AC2D3,current_L4_registry,KNOWN_REGISTERED,,ACOUSTIC,SPECIAL_PHYSICS,REGISTERED,KEEP_REGISTERED,AC2D3,PH_ELEM_AC2D3,PH_ELEM_FAMILY_OTHER,3,3,3,,YES,FAMILY_ROUTE,acoustic fluid family wrapper,YES,NO,NO,YES,478
181,AC2D4,current_L4_registry,KNOWN_REGISTERED,,ACOUSTIC,SPECIAL_PHYSICS,REGISTERED,KEEP_REGISTERED,AC2D4,PH_ELEM_AC2D4,PH_ELEM_FAMILY_OTHER,4,4,4,,YES,FAMILY_ROUTE,acoustic fluid family wrapper,YES,NO,NO,YES,479
182,AC2D4R,current_L4_registry,KNOWN_REGISTERED,,ACOUSTIC,REDUCED_OR_SPECIAL_INTEGRATION,REGISTERED,KEEP_ALIAS_TO_BASE,AC2D4R,PH_ELEM_AC2D4R,PH_ELEM_FAMILY_OTHER,4,1,4,PH_ELEM_AC2D4,YES,FAMILY_ROUTE,alias/base route via PH_ELEM_AC2D4,YES,NO,NO,YES,480
183,AC2D6,current_L4_registry,KNOWN_REGISTERED,,ACOUSTIC,SPECIAL_PHYSICS,REGISTERED,KEEP_REGISTERED,AC2D6,PH_ELEM_AC2D6,PH_ELEM_FAMILY_OTHER,6,3,6,,YES,FAMILY_ROUTE,acoustic fluid family wrapper,YES,NO,NO,YES,481
184,AC2D8,current_L4_registry,KNOWN_REGISTERED,,ACOUSTIC,SPECIAL_PHYSICS,REGISTERED,KEEP_REGISTERED,AC2D8,PH_ELEM_AC2D8,PH_ELEM_FAMILY_OTHER,8,9,8,,YES,FAMILY_ROUTE,acoustic fluid family wrapper,YES,NO,NO,YES,482
185,AC3D4,current_L4_registry,KNOWN_REGISTERED,,ACOUSTIC,SPECIAL_PHYSICS,REGISTERED,KEEP_REGISTERED,AC3D4,PH_ELEM_AC3D4,PH_ELEM_FAMILY_OTHER,4,1,4,,YES,FAMILY_ROUTE,acoustic fluid family wrapper,YES,NO,NO,YES,483
186,AC3D6,current_L4_registry,KNOWN_REGISTERED,,ACOUSTIC,SPECIAL_PHYSICS,REGISTERED,KEEP_REGISTERED,AC3D6,PH_ELEM_AC3D6,PH_ELEM_FAMILY_OTHER,6,6,6,,YES,FAMILY_ROUTE,acoustic fluid family wrapper,YES,NO,NO,YES,484
187,AC3D8,current_L4_registry,KNOWN_REGISTERED,,ACOUSTIC,SPECIAL_PHYSICS,REGISTERED,KEEP_REGISTERED,AC3D8,PH_ELEM_AC3D8,PH_ELEM_FAMILY_OTHER,8,8,8,,YES,FAMILY_ROUTE,acoustic fluid family wrapper,YES,NO,NO,YES,485
188,AC3D8R,current_L4_registry,KNOWN_REGISTERED,,ACOUSTIC,REDUCED_OR_SPECIAL_INTEGRATION,REGISTERED,KEEP_ALIAS_TO_BASE,AC3D8R,PH_ELEM_AC3D8R,PH_ELEM_FAMILY_OTHER,8,8,8,PH_ELEM_AC3D8,YES,FAMILY_ROUTE,alias/base route via PH_ELEM_AC3D8,YES,NO,NO,YES,486
189,AC3D10,current_L4_registry,KNOWN_REGISTERED,,ACOUSTIC,SPECIAL_PHYSICS,REGISTERED,KEEP_REGISTERED,AC3D10,PH_ELEM_AC3D10,PH_ELEM_FAMILY_OTHER,10,4,10,,YES,FAMILY_ROUTE,acoustic fluid family wrapper,YES,NO,NO,YES,487
190,AC3D15,current_L4_registry,KNOWN_REGISTERED,,ACOUSTIC,SPECIAL_PHYSICS,REGISTERED,KEEP_REGISTERED,AC3D15,PH_ELEM_AC3D15,PH_ELEM_FAMILY_OTHER,15,9,15,,YES,FAMILY_ROUTE,acoustic fluid family wrapper,YES,NO,NO,YES,488
191,AC3D20,current_L4_registry,KNOWN_REGISTERED,,ACOUSTIC,SPECIAL_PHYSICS,REGISTERED,KEEP_REGISTERED,AC3D20,PH_ELEM_AC3D20,PH_ELEM_FAMILY_OTHER,20,27,20,,YES,FAMILY_ROUTE,acoustic fluid family wrapper,YES,NO,NO,YES,489
192,ACAX3,current_L4_registry,KNOWN_REGISTERED,,ACOUSTIC,SPECIAL_PHYSICS,REGISTERED,KEEP_REGISTERED,ACAX3,PH_ELEM_ACAX3,PH_ELEM_FAMILY_OTHER,3,3,3,,YES,FAMILY_ROUTE,acoustic fluid family wrapper,YES,NO,NO,YES,490
193,ACAX4,current_L4_registry,KNOWN_REGISTERED,,ACOUSTIC,SPECIAL_PHYSICS,REGISTERED,KEEP_REGISTERED,ACAX4,PH_ELEM_ACAX4,PH_ELEM_FAMILY_OTHER,4,4,4,,YES,FAMILY_ROUTE,acoustic fluid family wrapper,YES,NO,NO,YES,491
194,ACAX6,current_L4_registry,KNOWN_REGISTERED,,ACOUSTIC,SPECIAL_PHYSICS,REGISTERED,KEEP_REGISTERED,ACAX6,PH_ELEM_ACAX6,PH_ELEM_FAMILY_OTHER,6,3,6,,YES,FAMILY_ROUTE,acoustic fluid family wrapper,YES,NO,NO,YES,492
195,ACAX8,current_L4_registry,KNOWN_REGISTERED,,ACOUSTIC,SPECIAL_PHYSICS,REGISTERED,KEEP_REGISTERED,ACAX8,PH_ELEM_ACAX8,PH_ELEM_FAMILY_OTHER,8,9,8,,YES,FAMILY_ROUTE,acoustic fluid family wrapper,YES,NO,NO,YES,493
196,ACAX4R,current_L4_registry,KNOWN_REGISTERED,,ACOUSTIC,REDUCED_OR_SPECIAL_INTEGRATION,REGISTERED,KEEP_ALIAS_TO_BASE,ACAX4R,PH_ELEM_ACAX4R,PH_ELEM_FAMILY_OTHER,4,1,4,PH_ELEM_ACAX4,YES,FAMILY_ROUTE,alias/base route via PH_ELEM_ACAX4,YES,NO,NO,YES,494
197,COH2D4,current_L4_registry,KNOWN_REGISTERED,,COHESIVE,SPECIAL_PHYSICS,REGISTERED,KEEP_REGISTERED,COH2D4,PH_ELEM_COH2D4,PH_ELEM_FAMILY_OTHER,4,4,8,,YES,FAMILY_ROUTE,cohesive interface family wrapper,YES,NO,NO,YES,497
198,COH2D6,current_L4_registry,KNOWN_REGISTERED,,COHESIVE,SPECIAL_PHYSICS,REGISTERED,KEEP_REGISTERED,COH2D6,PH_ELEM_COH2D6,PH_ELEM_FAMILY_OTHER,6,3,12,,YES,FAMILY_ROUTE,cohesive interface family wrapper,YES,NO,NO,YES,498
199,COHAX4,current_L4_registry,KNOWN_REGISTERED,,COHESIVE,SPECIAL_PHYSICS,REGISTERED,KEEP_REGISTERED,COHAX4,PH_ELEM_COHAX4,PH_ELEM_FAMILY_OTHER,4,4,8,,YES,FAMILY_ROUTE,cohesive interface family wrapper,YES,NO,NO,YES,499
200,COHAX6,current_L4_registry,KNOWN_REGISTERED,,COHESIVE,SPECIAL_PHYSICS,REGISTERED,KEEP_REGISTERED,COHAX6,PH_ELEM_COHAX6,PH_ELEM_FAMILY_OTHER,6,3,12,,YES,FAMILY_ROUTE,cohesive interface family wrapper,YES,NO,NO,YES,500
201,COH3D6,current_L4_registry,KNOWN_REGISTERED,,COHESIVE,SPECIAL_PHYSICS,REGISTERED,KEEP_REGISTERED,COH3D6,PH_ELEM_COH3D6,PH_ELEM_FAMILY_OTHER,6,3,18,,YES,FAMILY_ROUTE,cohesive interface family wrapper,YES,NO,NO,YES,501
202,COH3D8,current_L4_registry,KNOWN_REGISTERED,,COHESIVE,SPECIAL_PHYSICS,REGISTERED,KEEP_REGISTERED,COH3D8,PH_ELEM_COH3D8,PH_ELEM_FAMILY_OTHER,8,8,24,,YES,FAMILY_ROUTE,cohesive interface family wrapper,YES,NO,NO,YES,502
203,COH3D12,current_L4_registry,KNOWN_REGISTERED,,COHESIVE,SPECIAL_PHYSICS,REGISTERED,KEEP_REGISTERED,COH3D12,PH_ELEM_COH3D12,PH_ELEM_FAMILY_OTHER,12,12,36,,YES,FAMILY_ROUTE,cohesive interface family wrapper,YES,NO,NO,YES,503
204,COH3D16,current_L4_registry,KNOWN_REGISTERED,,COHESIVE,SPECIAL_PHYSICS,REGISTERED,KEEP_REGISTERED,COH3D16,PH_ELEM_COH3D16,PH_ELEM_FAMILY_OTHER,16,16,48,,YES,FAMILY_ROUTE,cohesive interface family wrapper,YES,NO,NO,YES,504
205,R2D2,current_L4_registry,KNOWN_REGISTERED,,MASS_INERTIA_RIGID,NON_MATERIAL,REGISTERED,KEEP_REGISTERED,R2D2,PH_ELEM_R2D2,PH_ELEM_FAMILY_MASS,2,1,6,,NO,NON_MATERIAL,constraint/inertia/connector metadata path,NO,NO,NO,NO,507
206,R3D3,current_L4_registry,KNOWN_REGISTERED,,MASS_INERTIA_RIGID,NON_MATERIAL,REGISTERED,KEEP_REGISTERED,R3D3,PH_ELEM_R3D3,PH_ELEM_FAMILY_MASS,3,1,18,,NO,NON_MATERIAL,constraint/inertia/connector metadata path,NO,NO,NO,NO,508
207,R3D4,current_L4_registry,KNOWN_REGISTERED,,MASS_INERTIA_RIGID,NON_MATERIAL,REGISTERED,KEEP_REGISTERED,R3D4,PH_ELEM_R3D4,PH_ELEM_FAMILY_MASS,4,1,24,,NO,NON_MATERIAL,constraint/inertia/connector metadata path,NO,NO,NO,NO,509
208,RAX2,current_L4_registry,KNOWN_REGISTERED,,MASS_INERTIA_RIGID,NON_MATERIAL,REGISTERED,KEEP_REGISTERED,RAX2,PH_ELEM_RAX2,PH_ELEM_FAMILY_MASS,2,1,4,,NO,NON_MATERIAL,constraint/inertia/connector metadata path,NO,NO,NO,NO,510
209,CONN2D2,current_L4_registry,KNOWN_REGISTERED,,CONNECTOR,NON_MATERIAL,REGISTERED,KEEP_REGISTERED,CONN2D2,PH_ELEM_CONN2D2,PH_ELEM_FAMILY_OTHER,2,1,4,,NO,NON_MATERIAL,constraint/inertia/connector metadata path,NO,NO,NO,NO,513
210,CONN3D2,current_L4_registry,KNOWN_REGISTERED,,CONNECTOR,NON_MATERIAL,REGISTERED,KEEP_REGISTERED,CONN3D2,PH_ELEM_CONN3D2,PH_ELEM_FAMILY_OTHER,2,1,6,,NO,NON_MATERIAL,constraint/inertia/connector metadata path,NO,NO,NO,NO,514
211,SPRING1,current_L4_registry,KNOWN_REGISTERED,,SHELL,BASE,REGISTERED,KEEP_REGISTERED,SPRING1,PH_ELEM_SPRING1,PH_ELEM_FAMILY_OTHER,1,1,3,,YES,ROUTED_PER_ELEMENT,exact routed wrapper found,YES,NO,YES,NO,515
212,SPRING2,current_L4_registry,KNOWN_REGISTERED,,SHELL,BASE,REGISTERED,KEEP_REGISTERED,SPRING2,PH_ELEM_SPRING2,PH_ELEM_FAMILY_OTHER,2,1,6,,YES,ROUTED_PER_ELEMENT,exact routed wrapper found,YES,NO,YES,NO,516
213,SPRINGA,current_L4_registry,KNOWN_REGISTERED,,SHELL,BASE,REGISTERED,KEEP_REGISTERED,SPRINGA,PH_ELEM_SPRINGA,PH_ELEM_FAMILY_OTHER,2,1,6,,NO,PARTIAL,"family helper exists, row-level routed wrapper not proven",YES,NO,NO,NO,517
214,DASHPOT1,current_L4_registry,KNOWN_REGISTERED,,CONNECTOR,BASE,REGISTERED,KEEP_REGISTERED,DASHPOT1,PH_ELEM_DASHPOT1,PH_ELEM_FAMILY_OTHER,1,1,3,,YES,ROUTED_PER_ELEMENT,exact routed wrapper found,YES,NO,YES,NO,518
215,DASHPOT2,current_L4_registry,KNOWN_REGISTERED,,CONNECTOR,BASE,REGISTERED,KEEP_REGISTERED,DASHPOT2,PH_ELEM_DASHPOT2,PH_ELEM_FAMILY_OTHER,2,1,6,,YES,ROUTED_PER_ELEMENT,exact routed wrapper found,YES,NO,YES,NO,519
216,MASS,current_L4_registry,KNOWN_REGISTERED,,MASS_INERTIA_RIGID,BASE,REGISTERED,KEEP_REGISTERED,MASS,MD_MESH_ELEM_MASS,PH_ELEM_FAMILY_MASS,1,1,3,,YES,ROUTED_PER_ELEMENT,exact routed wrapper exercised in closure test,YES,NO,YES,NO,520
217,ROTARYI,current_L4_registry,KNOWN_REGISTERED,,MASS_INERTIA_RIGID,NON_MATERIAL,REGISTERED,KEEP_REGISTERED,ROTARYI,PH_ELEM_ROTARYI,PH_ELEM_FAMILY_MASS,1,1,3,,NO,NON_MATERIAL,constraint/inertia/connector metadata path,NO,NO,NO,NO,521
218,P3D8SAT,current_L4_registry,KNOWN_REGISTERED,,POROUS,POROUS_OR_PORE_PRESSURE,REGISTERED,KEEP_REGISTERED,P3D8SAT,PH_ELEM_P3D8SAT,PH_ELEM_FAMILY_OTHER,8,8,8,,YES,FAMILY_ROUTE,porous two-phase family wrapper,YES,NO,NO,YES,524
219,P3D8RCH,current_L4_registry,KNOWN_REGISTERED,,POROUS,POROUS_OR_PORE_PRESSURE,REGISTERED,KEEP_REGISTERED,P3D8RCH,PH_ELEM_P3D8RCH,PH_ELEM_FAMILY_OTHER,8,8,8,,YES,FAMILY_ROUTE,porous two-phase family wrapper,YES,NO,NO,YES,525
220,P3D6SAT,current_L4_registry,KNOWN_REGISTERED,,POROUS,POROUS_OR_PORE_PRESSURE,REGISTERED,KEEP_REGISTERED,P3D6SAT,PH_ELEM_P3D6SAT,PH_ELEM_FAMILY_OTHER,6,6,6,,YES,FAMILY_ROUTE,porous two-phase family wrapper,YES,NO,NO,YES,526
221,P3D6RCH,current_L4_registry,KNOWN_REGISTERED,,POROUS,POROUS_OR_PORE_PRESSURE,REGISTERED,KEEP_REGISTERED,P3D6RCH,PH_ELEM_P3D6RCH,PH_ELEM_FAMILY_OTHER,6,6,6,,YES,FAMILY_ROUTE,porous two-phase family wrapper,YES,NO,NO,YES,527
222,P2D4SAT,current_L4_registry,KNOWN_REGISTERED,,POROUS,POROUS_OR_PORE_PRESSURE,REGISTERED,KEEP_REGISTERED,P2D4SAT,PH_ELEM_P2D4SAT,PH_ELEM_FAMILY_OTHER,4,4,4,,YES,FAMILY_ROUTE,porous two-phase family wrapper,YES,NO,NO,YES,528
223,P2D4RCH,current_L4_registry,KNOWN_REGISTERED,,POROUS,POROUS_OR_PORE_PRESSURE,REGISTERED,KEEP_REGISTERED,P2D4RCH,PH_ELEM_P2D4RCH,PH_ELEM_FAMILY_OTHER,4,4,4,,YES,FAMILY_ROUTE,porous two-phase family wrapper,YES,NO,NO,YES,529
224,P2D8SAT,current_L4_registry,KNOWN_REGISTERED,,POROUS,POROUS_OR_PORE_PRESSURE,REGISTERED,KEEP_REGISTERED,P2D8SAT,PH_ELEM_P2D8SAT,PH_ELEM_FAMILY_OTHER,8,9,8,,YES,FAMILY_ROUTE,porous two-phase family wrapper,YES,NO,NO,YES,530
225,P2D8RCH,current_L4_registry,KNOWN_REGISTERED,,POROUS,POROUS_OR_PORE_PRESSURE,REGISTERED,KEEP_REGISTERED,P2D8RCH,PH_ELEM_P2D8RCH,PH_ELEM_FAMILY_OTHER,8,9,8,,YES,FAMILY_ROUTE,porous two-phase family wrapper,YES,NO,NO,YES,531
226,UNRESOLVED_TARGET_SLOT_226,PPLAN_aggregate_gap,UNRESOLVED_TARGET_SLOT,,UNRESOLVED,UNRESOLVED,UNREGISTERED_TARGET_GAP,IMPORT_AUTHORITATIVE_TARGET_NAME,,,,,,,,NO,UNREGISTERED_TARGET_GAP,377 target slot has no authoritative element name in current repo,NO,NO,NO,NO,
227,UNRESOLVED_TARGET_SLOT_227,PPLAN_aggregate_gap,UNRESOLVED_TARGET_SLOT,,UNRESOLVED,UNRESOLVED,UNREGISTERED_TARGET_GAP,IMPORT_AUTHORITATIVE_TARGET_NAME,,,,,,,,NO,UNREGISTERED_TARGET_GAP,377 target slot has no authoritative element name in current repo,NO,NO,NO,NO,
228,UNRESOLVED_TARGET_SLOT_228,PPLAN_aggregate_gap,UNRESOLVED_TARGET_SLOT,,UNRESOLVED,UNRESOLVED,UNREGISTERED_TARGET_GAP,IMPORT_AUTHORITATIVE_TARGET_NAME,,,,,,,,NO,UNREGISTERED_TARGET_GAP,377 target slot has no authoritative element name in current repo,NO,NO,NO,NO,
229,UNRESOLVED_TARGET_SLOT_229,PPLAN_aggregate_gap,UNRESOLVED_TARGET_SLOT,,UNRESOLVED,UNRESOLVED,UNREGISTERED_TARGET_GAP,IMPORT_AUTHORITATIVE_TARGET_NAME,,,,,,,,NO,UNREGISTERED_TARGET_GAP,377 target slot has no authoritative element name in current repo,NO,NO,NO,NO,
230,UNRESOLVED_TARGET_SLOT_230,PPLAN_aggregate_gap,UNRESOLVED_TARGET_SLOT,,UNRESOLVED,UNRESOLVED,UNREGISTERED_TARGET_GAP,IMPORT_AUTHORITATIVE_TARGET_NAME,,,,,,,,NO,UNREGISTERED_TARGET_GAP,377 target slot has no authoritative element name in current repo,NO,NO,NO,NO,
231,UNRESOLVED_TARGET_SLOT_231,PPLAN_aggregate_gap,UNRESOLVED_TARGET_SLOT,,UNRESOLVED,UNRESOLVED,UNREGISTERED_TARGET_GAP,IMPORT_AUTHORITATIVE_TARGET_NAME,,,,,,,,NO,UNREGISTERED_TARGET_GAP,377 target slot has no authoritative element name in current repo,NO,NO,NO,NO,
232,UNRESOLVED_TARGET_SLOT_232,PPLAN_aggregate_gap,UNRESOLVED_TARGET_SLOT,,UNRESOLVED,UNRESOLVED,UNREGISTERED_TARGET_GAP,IMPORT_AUTHORITATIVE_TARGET_NAME,,,,,,,,NO,UNREGISTERED_TARGET_GAP,377 target slot has no authoritative element name in current repo,NO,NO,NO,NO,
233,UNRESOLVED_TARGET_SLOT_233,PPLAN_aggregate_gap,UNRESOLVED_TARGET_SLOT,,UNRESOLVED,UNRESOLVED,UNREGISTERED_TARGET_GAP,IMPORT_AUTHORITATIVE_TARGET_NAME,,,,,,,,NO,UNREGISTERED_TARGET_GAP,377 target slot has no authoritative element name in current repo,NO,NO,NO,NO,
234,UNRESOLVED_TARGET_SLOT_234,PPLAN_aggregate_gap,UNRESOLVED_TARGET_SLOT,,UNRESOLVED,UNRESOLVED,UNREGISTERED_TARGET_GAP,IMPORT_AUTHORITATIVE_TARGET_NAME,,,,,,,,NO,UNREGISTERED_TARGET_GAP,377 target slot has no authoritative element name in current repo,NO,NO,NO,NO,
235,UNRESOLVED_TARGET_SLOT_235,PPLAN_aggregate_gap,UNRESOLVED_TARGET_SLOT,,UNRESOLVED,UNRESOLVED,UNREGISTERED_TARGET_GAP,IMPORT_AUTHORITATIVE_TARGET_NAME,,,,,,,,NO,UNREGISTERED_TARGET_GAP,377 target slot has no authoritative element name in current repo,NO,NO,NO,NO,
236,UNRESOLVED_TARGET_SLOT_236,PPLAN_aggregate_gap,UNRESOLVED_TARGET_SLOT,,UNRESOLVED,UNRESOLVED,UNREGISTERED_TARGET_GAP,IMPORT_AUTHORITATIVE_TARGET_NAME,,,,,,,,NO,UNREGISTERED_TARGET_GAP,377 target slot has no authoritative element name in current repo,NO,NO,NO,NO,
237,UNRESOLVED_TARGET_SLOT_237,PPLAN_aggregate_gap,UNRESOLVED_TARGET_SLOT,,UNRESOLVED,UNRESOLVED,UNREGISTERED_TARGET_GAP,IMPORT_AUTHORITATIVE_TARGET_NAME,,,,,,,,NO,UNREGISTERED_TARGET_GAP,377 target slot has no authoritative element name in current repo,NO,NO,NO,NO,
238,UNRESOLVED_TARGET_SLOT_238,PPLAN_aggregate_gap,UNRESOLVED_TARGET_SLOT,,UNRESOLVED,UNRESOLVED,UNREGISTERED_TARGET_GAP,IMPORT_AUTHORITATIVE_TARGET_NAME,,,,,,,,NO,UNREGISTERED_TARGET_GAP,377 target slot has no authoritative element name in current repo,NO,NO,NO,NO,
239,UNRESOLVED_TARGET_SLOT_239,PPLAN_aggregate_gap,UNRESOLVED_TARGET_SLOT,,UNRESOLVED,UNRESOLVED,UNREGISTERED_TARGET_GAP,IMPORT_AUTHORITATIVE_TARGET_NAME,,,,,,,,NO,UNREGISTERED_TARGET_GAP,377 target slot has no authoritative element name in current repo,NO,NO,NO,NO,
240,UNRESOLVED_TARGET_SLOT_240,PPLAN_aggregate_gap,UNRESOLVED_TARGET_SLOT,,UNRESOLVED,UNRESOLVED,UNREGISTERED_TARGET_GAP,IMPORT_AUTHORITATIVE_TARGET_NAME,,,,,,,,NO,UNREGISTERED_TARGET_GAP,377 target slot has no authoritative element name in current repo,NO,NO,NO,NO,
241,UNRESOLVED_TARGET_SLOT_241,PPLAN_aggregate_gap,UNRESOLVED_TARGET_SLOT,,UNRESOLVED,UNRESOLVED,UNREGISTERED_TARGET_GAP,IMPORT_AUTHORITATIVE_TARGET_NAME,,,,,,,,NO,UNREGISTERED_TARGET_GAP,377 target slot has no authoritative element name in current repo,NO,NO,NO,NO,
242,UNRESOLVED_TARGET_SLOT_242,PPLAN_aggregate_gap,UNRESOLVED_TARGET_SLOT,,UNRESOLVED,UNRESOLVED,UNREGISTERED_TARGET_GAP,IMPORT_AUTHORITATIVE_TARGET_NAME,,,,,,,,NO,UNREGISTERED_TARGET_GAP,377 target slot has no authoritative element name in current repo,NO,NO,NO,NO,
243,UNRESOLVED_TARGET_SLOT_243,PPLAN_aggregate_gap,UNRESOLVED_TARGET_SLOT,,UNRESOLVED,UNRESOLVED,UNREGISTERED_TARGET_GAP,IMPORT_AUTHORITATIVE_TARGET_NAME,,,,,,,,NO,UNREGISTERED_TARGET_GAP,377 target slot has no authoritative element name in current repo,NO,NO,NO,NO,
244,UNRESOLVED_TARGET_SLOT_244,PPLAN_aggregate_gap,UNRESOLVED_TARGET_SLOT,,UNRESOLVED,UNRESOLVED,UNREGISTERED_TARGET_GAP,IMPORT_AUTHORITATIVE_TARGET_NAME,,,,,,,,NO,UNREGISTERED_TARGET_GAP,377 target slot has no authoritative element name in current repo,NO,NO,NO,NO,
245,UNRESOLVED_TARGET_SLOT_245,PPLAN_aggregate_gap,UNRESOLVED_TARGET_SLOT,,UNRESOLVED,UNRESOLVED,UNREGISTERED_TARGET_GAP,IMPORT_AUTHORITATIVE_TARGET_NAME,,,,,,,,NO,UNREGISTERED_TARGET_GAP,377 target slot has no authoritative element name in current repo,NO,NO,NO,NO,
246,UNRESOLVED_TARGET_SLOT_246,PPLAN_aggregate_gap,UNRESOLVED_TARGET_SLOT,,UNRESOLVED,UNRESOLVED,UNREGISTERED_TARGET_GAP,IMPORT_AUTHORITATIVE_TARGET_NAME,,,,,,,,NO,UNREGISTERED_TARGET_GAP,377 target slot has no authoritative element name in current repo,NO,NO,NO,NO,
247,UNRESOLVED_TARGET_SLOT_247,PPLAN_aggregate_gap,UNRESOLVED_TARGET_SLOT,,UNRESOLVED,UNRESOLVED,UNREGISTERED_TARGET_GAP,IMPORT_AUTHORITATIVE_TARGET_NAME,,,,,,,,NO,UNREGISTERED_TARGET_GAP,377 target slot has no authoritative element name in current repo,NO,NO,NO,NO,
248,UNRESOLVED_TARGET_SLOT_248,PPLAN_aggregate_gap,UNRESOLVED_TARGET_SLOT,,UNRESOLVED,UNRESOLVED,UNREGISTERED_TARGET_GAP,IMPORT_AUTHORITATIVE_TARGET_NAME,,,,,,,,NO,UNREGISTERED_TARGET_GAP,377 target slot has no authoritative element name in current repo,NO,NO,NO,NO,
249,UNRESOLVED_TARGET_SLOT_249,PPLAN_aggregate_gap,UNRESOLVED_TARGET_SLOT,,UNRESOLVED,UNRESOLVED,UNREGISTERED_TARGET_GAP,IMPORT_AUTHORITATIVE_TARGET_NAME,,,,,,,,NO,UNREGISTERED_TARGET_GAP,377 target slot has no authoritative element name in current repo,NO,NO,NO,NO,
250,UNRESOLVED_TARGET_SLOT_250,PPLAN_aggregate_gap,UNRESOLVED_TARGET_SLOT,,UNRESOLVED,UNRESOLVED,UNREGISTERED_TARGET_GAP,IMPORT_AUTHORITATIVE_TARGET_NAME,,,,,,,,NO,UNREGISTERED_TARGET_GAP,377 target slot has no authoritative element name in current repo,NO,NO,NO,NO,
251,UNRESOLVED_TARGET_SLOT_251,PPLAN_aggregate_gap,UNRESOLVED_TARGET_SLOT,,UNRESOLVED,UNRESOLVED,UNREGISTERED_TARGET_GAP,IMPORT_AUTHORITATIVE_TARGET_NAME,,,,,,,,NO,UNREGISTERED_TARGET_GAP,377 target slot has no authoritative element name in current repo,NO,NO,NO,NO,
252,UNRESOLVED_TARGET_SLOT_252,PPLAN_aggregate_gap,UNRESOLVED_TARGET_SLOT,,UNRESOLVED,UNRESOLVED,UNREGISTERED_TARGET_GAP,IMPORT_AUTHORITATIVE_TARGET_NAME,,,,,,,,NO,UNREGISTERED_TARGET_GAP,377 target slot has no authoritative element name in current repo,NO,NO,NO,NO,
253,UNRESOLVED_TARGET_SLOT_253,PPLAN_aggregate_gap,UNRESOLVED_TARGET_SLOT,,UNRESOLVED,UNRESOLVED,UNREGISTERED_TARGET_GAP,IMPORT_AUTHORITATIVE_TARGET_NAME,,,,,,,,NO,UNREGISTERED_TARGET_GAP,377 target slot has no authoritative element name in current repo,NO,NO,NO,NO,
254,UNRESOLVED_TARGET_SLOT_254,PPLAN_aggregate_gap,UNRESOLVED_TARGET_SLOT,,UNRESOLVED,UNRESOLVED,UNREGISTERED_TARGET_GAP,IMPORT_AUTHORITATIVE_TARGET_NAME,,,,,,,,NO,UNREGISTERED_TARGET_GAP,377 target slot has no authoritative element name in current repo,NO,NO,NO,NO,
255,UNRESOLVED_TARGET_SLOT_255,PPLAN_aggregate_gap,UNRESOLVED_TARGET_SLOT,,UNRESOLVED,UNRESOLVED,UNREGISTERED_TARGET_GAP,IMPORT_AUTHORITATIVE_TARGET_NAME,,,,,,,,NO,UNREGISTERED_TARGET_GAP,377 target slot has no authoritative element name in current repo,NO,NO,NO,NO,
256,UNRESOLVED_TARGET_SLOT_256,PPLAN_aggregate_gap,UNRESOLVED_TARGET_SLOT,,UNRESOLVED,UNRESOLVED,UNREGISTERED_TARGET_GAP,IMPORT_AUTHORITATIVE_TARGET_NAME,,,,,,,,NO,UNREGISTERED_TARGET_GAP,377 target slot has no authoritative element name in current repo,NO,NO,NO,NO,
257,UNRESOLVED_TARGET_SLOT_257,PPLAN_aggregate_gap,UNRESOLVED_TARGET_SLOT,,UNRESOLVED,UNRESOLVED,UNREGISTERED_TARGET_GAP,IMPORT_AUTHORITATIVE_TARGET_NAME,,,,,,,,NO,UNREGISTERED_TARGET_GAP,377 target slot has no authoritative element name in current repo,NO,NO,NO,NO,
258,UNRESOLVED_TARGET_SLOT_258,PPLAN_aggregate_gap,UNRESOLVED_TARGET_SLOT,,UNRESOLVED,UNRESOLVED,UNREGISTERED_TARGET_GAP,IMPORT_AUTHORITATIVE_TARGET_NAME,,,,,,,,NO,UNREGISTERED_TARGET_GAP,377 target slot has no authoritative element name in current repo,NO,NO,NO,NO,
259,UNRESOLVED_TARGET_SLOT_259,PPLAN_aggregate_gap,UNRESOLVED_TARGET_SLOT,,UNRESOLVED,UNRESOLVED,UNREGISTERED_TARGET_GAP,IMPORT_AUTHORITATIVE_TARGET_NAME,,,,,,,,NO,UNREGISTERED_TARGET_GAP,377 target slot has no authoritative element name in current repo,NO,NO,NO,NO,
260,UNRESOLVED_TARGET_SLOT_260,PPLAN_aggregate_gap,UNRESOLVED_TARGET_SLOT,,UNRESOLVED,UNRESOLVED,UNREGISTERED_TARGET_GAP,IMPORT_AUTHORITATIVE_TARGET_NAME,,,,,,,,NO,UNREGISTERED_TARGET_GAP,377 target slot has no authoritative element name in current repo,NO,NO,NO,NO,
261,UNRESOLVED_TARGET_SLOT_261,PPLAN_aggregate_gap,UNRESOLVED_TARGET_SLOT,,UNRESOLVED,UNRESOLVED,UNREGISTERED_TARGET_GAP,IMPORT_AUTHORITATIVE_TARGET_NAME,,,,,,,,NO,UNREGISTERED_TARGET_GAP,377 target slot has no authoritative element name in current repo,NO,NO,NO,NO,
262,UNRESOLVED_TARGET_SLOT_262,PPLAN_aggregate_gap,UNRESOLVED_TARGET_SLOT,,UNRESOLVED,UNRESOLVED,UNREGISTERED_TARGET_GAP,IMPORT_AUTHORITATIVE_TARGET_NAME,,,,,,,,NO,UNREGISTERED_TARGET_GAP,377 target slot has no authoritative element name in current repo,NO,NO,NO,NO,
263,UNRESOLVED_TARGET_SLOT_263,PPLAN_aggregate_gap,UNRESOLVED_TARGET_SLOT,,UNRESOLVED,UNRESOLVED,UNREGISTERED_TARGET_GAP,IMPORT_AUTHORITATIVE_TARGET_NAME,,,,,,,,NO,UNREGISTERED_TARGET_GAP,377 target slot has no authoritative element name in current repo,NO,NO,NO,NO,
264,UNRESOLVED_TARGET_SLOT_264,PPLAN_aggregate_gap,UNRESOLVED_TARGET_SLOT,,UNRESOLVED,UNRESOLVED,UNREGISTERED_TARGET_GAP,IMPORT_AUTHORITATIVE_TARGET_NAME,,,,,,,,NO,UNREGISTERED_TARGET_GAP,377 target slot has no authoritative element name in current repo,NO,NO,NO,NO,
265,UNRESOLVED_TARGET_SLOT_265,PPLAN_aggregate_gap,UNRESOLVED_TARGET_SLOT,,UNRESOLVED,UNRESOLVED,UNREGISTERED_TARGET_GAP,IMPORT_AUTHORITATIVE_TARGET_NAME,,,,,,,,NO,UNREGISTERED_TARGET_GAP,377 target slot has no authoritative element name in current repo,NO,NO,NO,NO,
266,UNRESOLVED_TARGET_SLOT_266,PPLAN_aggregate_gap,UNRESOLVED_TARGET_SLOT,,UNRESOLVED,UNRESOLVED,UNREGISTERED_TARGET_GAP,IMPORT_AUTHORITATIVE_TARGET_NAME,,,,,,,,NO,UNREGISTERED_TARGET_GAP,377 target slot has no authoritative element name in current repo,NO,NO,NO,NO,
267,UNRESOLVED_TARGET_SLOT_267,PPLAN_aggregate_gap,UNRESOLVED_TARGET_SLOT,,UNRESOLVED,UNRESOLVED,UNREGISTERED_TARGET_GAP,IMPORT_AUTHORITATIVE_TARGET_NAME,,,,,,,,NO,UNREGISTERED_TARGET_GAP,377 target slot has no authoritative element name in current repo,NO,NO,NO,NO,
268,UNRESOLVED_TARGET_SLOT_268,PPLAN_aggregate_gap,UNRESOLVED_TARGET_SLOT,,UNRESOLVED,UNRESOLVED,UNREGISTERED_TARGET_GAP,IMPORT_AUTHORITATIVE_TARGET_NAME,,,,,,,,NO,UNREGISTERED_TARGET_GAP,377 target slot has no authoritative element name in current repo,NO,NO,NO,NO,
269,UNRESOLVED_TARGET_SLOT_269,PPLAN_aggregate_gap,UNRESOLVED_TARGET_SLOT,,UNRESOLVED,UNRESOLVED,UNREGISTERED_TARGET_GAP,IMPORT_AUTHORITATIVE_TARGET_NAME,,,,,,,,NO,UNREGISTERED_TARGET_GAP,377 target slot has no authoritative element name in current repo,NO,NO,NO,NO,
270,UNRESOLVED_TARGET_SLOT_270,PPLAN_aggregate_gap,UNRESOLVED_TARGET_SLOT,,UNRESOLVED,UNRESOLVED,UNREGISTERED_TARGET_GAP,IMPORT_AUTHORITATIVE_TARGET_NAME,,,,,,,,NO,UNREGISTERED_TARGET_GAP,377 target slot has no authoritative element name in current repo,NO,NO,NO,NO,
271,UNRESOLVED_TARGET_SLOT_271,PPLAN_aggregate_gap,UNRESOLVED_TARGET_SLOT,,UNRESOLVED,UNRESOLVED,UNREGISTERED_TARGET_GAP,IMPORT_AUTHORITATIVE_TARGET_NAME,,,,,,,,NO,UNREGISTERED_TARGET_GAP,377 target slot has no authoritative element name in current repo,NO,NO,NO,NO,
272,UNRESOLVED_TARGET_SLOT_272,PPLAN_aggregate_gap,UNRESOLVED_TARGET_SLOT,,UNRESOLVED,UNRESOLVED,UNREGISTERED_TARGET_GAP,IMPORT_AUTHORITATIVE_TARGET_NAME,,,,,,,,NO,UNREGISTERED_TARGET_GAP,377 target slot has no authoritative element name in current repo,NO,NO,NO,NO,
273,UNRESOLVED_TARGET_SLOT_273,PPLAN_aggregate_gap,UNRESOLVED_TARGET_SLOT,,UNRESOLVED,UNRESOLVED,UNREGISTERED_TARGET_GAP,IMPORT_AUTHORITATIVE_TARGET_NAME,,,,,,,,NO,UNREGISTERED_TARGET_GAP,377 target slot has no authoritative element name in current repo,NO,NO,NO,NO,
274,UNRESOLVED_TARGET_SLOT_274,PPLAN_aggregate_gap,UNRESOLVED_TARGET_SLOT,,UNRESOLVED,UNRESOLVED,UNREGISTERED_TARGET_GAP,IMPORT_AUTHORITATIVE_TARGET_NAME,,,,,,,,NO,UNREGISTERED_TARGET_GAP,377 target slot has no authoritative element name in current repo,NO,NO,NO,NO,
275,UNRESOLVED_TARGET_SLOT_275,PPLAN_aggregate_gap,UNRESOLVED_TARGET_SLOT,,UNRESOLVED,UNRESOLVED,UNREGISTERED_TARGET_GAP,IMPORT_AUTHORITATIVE_TARGET_NAME,,,,,,,,NO,UNREGISTERED_TARGET_GAP,377 target slot has no authoritative element name in current repo,NO,NO,NO,NO,
276,UNRESOLVED_TARGET_SLOT_276,PPLAN_aggregate_gap,UNRESOLVED_TARGET_SLOT,,UNRESOLVED,UNRESOLVED,UNREGISTERED_TARGET_GAP,IMPORT_AUTHORITATIVE_TARGET_NAME,,,,,,,,NO,UNREGISTERED_TARGET_GAP,377 target slot has no authoritative element name in current repo,NO,NO,NO,NO,
277,UNRESOLVED_TARGET_SLOT_277,PPLAN_aggregate_gap,UNRESOLVED_TARGET_SLOT,,UNRESOLVED,UNRESOLVED,UNREGISTERED_TARGET_GAP,IMPORT_AUTHORITATIVE_TARGET_NAME,,,,,,,,NO,UNREGISTERED_TARGET_GAP,377 target slot has no authoritative element name in current repo,NO,NO,NO,NO,
278,UNRESOLVED_TARGET_SLOT_278,PPLAN_aggregate_gap,UNRESOLVED_TARGET_SLOT,,UNRESOLVED,UNRESOLVED,UNREGISTERED_TARGET_GAP,IMPORT_AUTHORITATIVE_TARGET_NAME,,,,,,,,NO,UNREGISTERED_TARGET_GAP,377 target slot has no authoritative element name in current repo,NO,NO,NO,NO,
279,UNRESOLVED_TARGET_SLOT_279,PPLAN_aggregate_gap,UNRESOLVED_TARGET_SLOT,,UNRESOLVED,UNRESOLVED,UNREGISTERED_TARGET_GAP,IMPORT_AUTHORITATIVE_TARGET_NAME,,,,,,,,NO,UNREGISTERED_TARGET_GAP,377 target slot has no authoritative element name in current repo,NO,NO,NO,NO,
280,UNRESOLVED_TARGET_SLOT_280,PPLAN_aggregate_gap,UNRESOLVED_TARGET_SLOT,,UNRESOLVED,UNRESOLVED,UNREGISTERED_TARGET_GAP,IMPORT_AUTHORITATIVE_TARGET_NAME,,,,,,,,NO,UNREGISTERED_TARGET_GAP,377 target slot has no authoritative element name in current repo,NO,NO,NO,NO,
281,UNRESOLVED_TARGET_SLOT_281,PPLAN_aggregate_gap,UNRESOLVED_TARGET_SLOT,,UNRESOLVED,UNRESOLVED,UNREGISTERED_TARGET_GAP,IMPORT_AUTHORITATIVE_TARGET_NAME,,,,,,,,NO,UNREGISTERED_TARGET_GAP,377 target slot has no authoritative element name in current repo,NO,NO,NO,NO,
282,UNRESOLVED_TARGET_SLOT_282,PPLAN_aggregate_gap,UNRESOLVED_TARGET_SLOT,,UNRESOLVED,UNRESOLVED,UNREGISTERED_TARGET_GAP,IMPORT_AUTHORITATIVE_TARGET_NAME,,,,,,,,NO,UNREGISTERED_TARGET_GAP,377 target slot has no authoritative element name in current repo,NO,NO,NO,NO,
283,UNRESOLVED_TARGET_SLOT_283,PPLAN_aggregate_gap,UNRESOLVED_TARGET_SLOT,,UNRESOLVED,UNRESOLVED,UNREGISTERED_TARGET_GAP,IMPORT_AUTHORITATIVE_TARGET_NAME,,,,,,,,NO,UNREGISTERED_TARGET_GAP,377 target slot has no authoritative element name in current repo,NO,NO,NO,NO,
284,UNRESOLVED_TARGET_SLOT_284,PPLAN_aggregate_gap,UNRESOLVED_TARGET_SLOT,,UNRESOLVED,UNRESOLVED,UNREGISTERED_TARGET_GAP,IMPORT_AUTHORITATIVE_TARGET_NAME,,,,,,,,NO,UNREGISTERED_TARGET_GAP,377 target slot has no authoritative element name in current repo,NO,NO,NO,NO,
285,UNRESOLVED_TARGET_SLOT_285,PPLAN_aggregate_gap,UNRESOLVED_TARGET_SLOT,,UNRESOLVED,UNRESOLVED,UNREGISTERED_TARGET_GAP,IMPORT_AUTHORITATIVE_TARGET_NAME,,,,,,,,NO,UNREGISTERED_TARGET_GAP,377 target slot has no authoritative element name in current repo,NO,NO,NO,NO,
286,UNRESOLVED_TARGET_SLOT_286,PPLAN_aggregate_gap,UNRESOLVED_TARGET_SLOT,,UNRESOLVED,UNRESOLVED,UNREGISTERED_TARGET_GAP,IMPORT_AUTHORITATIVE_TARGET_NAME,,,,,,,,NO,UNREGISTERED_TARGET_GAP,377 target slot has no authoritative element name in current repo,NO,NO,NO,NO,
287,UNRESOLVED_TARGET_SLOT_287,PPLAN_aggregate_gap,UNRESOLVED_TARGET_SLOT,,UNRESOLVED,UNRESOLVED,UNREGISTERED_TARGET_GAP,IMPORT_AUTHORITATIVE_TARGET_NAME,,,,,,,,NO,UNREGISTERED_TARGET_GAP,377 target slot has no authoritative element name in current repo,NO,NO,NO,NO,
288,UNRESOLVED_TARGET_SLOT_288,PPLAN_aggregate_gap,UNRESOLVED_TARGET_SLOT,,UNRESOLVED,UNRESOLVED,UNREGISTERED_TARGET_GAP,IMPORT_AUTHORITATIVE_TARGET_NAME,,,,,,,,NO,UNREGISTERED_TARGET_GAP,377 target slot has no authoritative element name in current repo,NO,NO,NO,NO,
289,UNRESOLVED_TARGET_SLOT_289,PPLAN_aggregate_gap,UNRESOLVED_TARGET_SLOT,,UNRESOLVED,UNRESOLVED,UNREGISTERED_TARGET_GAP,IMPORT_AUTHORITATIVE_TARGET_NAME,,,,,,,,NO,UNREGISTERED_TARGET_GAP,377 target slot has no authoritative element name in current repo,NO,NO,NO,NO,
290,UNRESOLVED_TARGET_SLOT_290,PPLAN_aggregate_gap,UNRESOLVED_TARGET_SLOT,,UNRESOLVED,UNRESOLVED,UNREGISTERED_TARGET_GAP,IMPORT_AUTHORITATIVE_TARGET_NAME,,,,,,,,NO,UNREGISTERED_TARGET_GAP,377 target slot has no authoritative element name in current repo,NO,NO,NO,NO,
291,UNRESOLVED_TARGET_SLOT_291,PPLAN_aggregate_gap,UNRESOLVED_TARGET_SLOT,,UNRESOLVED,UNRESOLVED,UNREGISTERED_TARGET_GAP,IMPORT_AUTHORITATIVE_TARGET_NAME,,,,,,,,NO,UNREGISTERED_TARGET_GAP,377 target slot has no authoritative element name in current repo,NO,NO,NO,NO,
292,UNRESOLVED_TARGET_SLOT_292,PPLAN_aggregate_gap,UNRESOLVED_TARGET_SLOT,,UNRESOLVED,UNRESOLVED,UNREGISTERED_TARGET_GAP,IMPORT_AUTHORITATIVE_TARGET_NAME,,,,,,,,NO,UNREGISTERED_TARGET_GAP,377 target slot has no authoritative element name in current repo,NO,NO,NO,NO,
293,UNRESOLVED_TARGET_SLOT_293,PPLAN_aggregate_gap,UNRESOLVED_TARGET_SLOT,,UNRESOLVED,UNRESOLVED,UNREGISTERED_TARGET_GAP,IMPORT_AUTHORITATIVE_TARGET_NAME,,,,,,,,NO,UNREGISTERED_TARGET_GAP,377 target slot has no authoritative element name in current repo,NO,NO,NO,NO,
294,UNRESOLVED_TARGET_SLOT_294,PPLAN_aggregate_gap,UNRESOLVED_TARGET_SLOT,,UNRESOLVED,UNRESOLVED,UNREGISTERED_TARGET_GAP,IMPORT_AUTHORITATIVE_TARGET_NAME,,,,,,,,NO,UNREGISTERED_TARGET_GAP,377 target slot has no authoritative element name in current repo,NO,NO,NO,NO,
295,UNRESOLVED_TARGET_SLOT_295,PPLAN_aggregate_gap,UNRESOLVED_TARGET_SLOT,,UNRESOLVED,UNRESOLVED,UNREGISTERED_TARGET_GAP,IMPORT_AUTHORITATIVE_TARGET_NAME,,,,,,,,NO,UNREGISTERED_TARGET_GAP,377 target slot has no authoritative element name in current repo,NO,NO,NO,NO,
296,UNRESOLVED_TARGET_SLOT_296,PPLAN_aggregate_gap,UNRESOLVED_TARGET_SLOT,,UNRESOLVED,UNRESOLVED,UNREGISTERED_TARGET_GAP,IMPORT_AUTHORITATIVE_TARGET_NAME,,,,,,,,NO,UNREGISTERED_TARGET_GAP,377 target slot has no authoritative element name in current repo,NO,NO,NO,NO,
297,UNRESOLVED_TARGET_SLOT_297,PPLAN_aggregate_gap,UNRESOLVED_TARGET_SLOT,,UNRESOLVED,UNRESOLVED,UNREGISTERED_TARGET_GAP,IMPORT_AUTHORITATIVE_TARGET_NAME,,,,,,,,NO,UNREGISTERED_TARGET_GAP,377 target slot has no authoritative element name in current repo,NO,NO,NO,NO,
298,UNRESOLVED_TARGET_SLOT_298,PPLAN_aggregate_gap,UNRESOLVED_TARGET_SLOT,,UNRESOLVED,UNRESOLVED,UNREGISTERED_TARGET_GAP,IMPORT_AUTHORITATIVE_TARGET_NAME,,,,,,,,NO,UNREGISTERED_TARGET_GAP,377 target slot has no authoritative element name in current repo,NO,NO,NO,NO,
299,UNRESOLVED_TARGET_SLOT_299,PPLAN_aggregate_gap,UNRESOLVED_TARGET_SLOT,,UNRESOLVED,UNRESOLVED,UNREGISTERED_TARGET_GAP,IMPORT_AUTHORITATIVE_TARGET_NAME,,,,,,,,NO,UNREGISTERED_TARGET_GAP,377 target slot has no authoritative element name in current repo,NO,NO,NO,NO,
300,UNRESOLVED_TARGET_SLOT_300,PPLAN_aggregate_gap,UNRESOLVED_TARGET_SLOT,,UNRESOLVED,UNRESOLVED,UNREGISTERED_TARGET_GAP,IMPORT_AUTHORITATIVE_TARGET_NAME,,,,,,,,NO,UNREGISTERED_TARGET_GAP,377 target slot has no authoritative element name in current repo,NO,NO,NO,NO,
301,UNRESOLVED_TARGET_SLOT_301,PPLAN_aggregate_gap,UNRESOLVED_TARGET_SLOT,,UNRESOLVED,UNRESOLVED,UNREGISTERED_TARGET_GAP,IMPORT_AUTHORITATIVE_TARGET_NAME,,,,,,,,NO,UNREGISTERED_TARGET_GAP,377 target slot has no authoritative element name in current repo,NO,NO,NO,NO,
302,UNRESOLVED_TARGET_SLOT_302,PPLAN_aggregate_gap,UNRESOLVED_TARGET_SLOT,,UNRESOLVED,UNRESOLVED,UNREGISTERED_TARGET_GAP,IMPORT_AUTHORITATIVE_TARGET_NAME,,,,,,,,NO,UNREGISTERED_TARGET_GAP,377 target slot has no authoritative element name in current repo,NO,NO,NO,NO,
303,UNRESOLVED_TARGET_SLOT_303,PPLAN_aggregate_gap,UNRESOLVED_TARGET_SLOT,,UNRESOLVED,UNRESOLVED,UNREGISTERED_TARGET_GAP,IMPORT_AUTHORITATIVE_TARGET_NAME,,,,,,,,NO,UNREGISTERED_TARGET_GAP,377 target slot has no authoritative element name in current repo,NO,NO,NO,NO,
304,UNRESOLVED_TARGET_SLOT_304,PPLAN_aggregate_gap,UNRESOLVED_TARGET_SLOT,,UNRESOLVED,UNRESOLVED,UNREGISTERED_TARGET_GAP,IMPORT_AUTHORITATIVE_TARGET_NAME,,,,,,,,NO,UNREGISTERED_TARGET_GAP,377 target slot has no authoritative element name in current repo,NO,NO,NO,NO,
305,UNRESOLVED_TARGET_SLOT_305,PPLAN_aggregate_gap,UNRESOLVED_TARGET_SLOT,,UNRESOLVED,UNRESOLVED,UNREGISTERED_TARGET_GAP,IMPORT_AUTHORITATIVE_TARGET_NAME,,,,,,,,NO,UNREGISTERED_TARGET_GAP,377 target slot has no authoritative element name in current repo,NO,NO,NO,NO,
306,UNRESOLVED_TARGET_SLOT_306,PPLAN_aggregate_gap,UNRESOLVED_TARGET_SLOT,,UNRESOLVED,UNRESOLVED,UNREGISTERED_TARGET_GAP,IMPORT_AUTHORITATIVE_TARGET_NAME,,,,,,,,NO,UNREGISTERED_TARGET_GAP,377 target slot has no authoritative element name in current repo,NO,NO,NO,NO,
307,UNRESOLVED_TARGET_SLOT_307,PPLAN_aggregate_gap,UNRESOLVED_TARGET_SLOT,,UNRESOLVED,UNRESOLVED,UNREGISTERED_TARGET_GAP,IMPORT_AUTHORITATIVE_TARGET_NAME,,,,,,,,NO,UNREGISTERED_TARGET_GAP,377 target slot has no authoritative element name in current repo,NO,NO,NO,NO,
308,UNRESOLVED_TARGET_SLOT_308,PPLAN_aggregate_gap,UNRESOLVED_TARGET_SLOT,,UNRESOLVED,UNRESOLVED,UNREGISTERED_TARGET_GAP,IMPORT_AUTHORITATIVE_TARGET_NAME,,,,,,,,NO,UNREGISTERED_TARGET_GAP,377 target slot has no authoritative element name in current repo,NO,NO,NO,NO,
309,UNRESOLVED_TARGET_SLOT_309,PPLAN_aggregate_gap,UNRESOLVED_TARGET_SLOT,,UNRESOLVED,UNRESOLVED,UNREGISTERED_TARGET_GAP,IMPORT_AUTHORITATIVE_TARGET_NAME,,,,,,,,NO,UNREGISTERED_TARGET_GAP,377 target slot has no authoritative element name in current repo,NO,NO,NO,NO,
310,UNRESOLVED_TARGET_SLOT_310,PPLAN_aggregate_gap,UNRESOLVED_TARGET_SLOT,,UNRESOLVED,UNRESOLVED,UNREGISTERED_TARGET_GAP,IMPORT_AUTHORITATIVE_TARGET_NAME,,,,,,,,NO,UNREGISTERED_TARGET_GAP,377 target slot has no authoritative element name in current repo,NO,NO,NO,NO,
311,UNRESOLVED_TARGET_SLOT_311,PPLAN_aggregate_gap,UNRESOLVED_TARGET_SLOT,,UNRESOLVED,UNRESOLVED,UNREGISTERED_TARGET_GAP,IMPORT_AUTHORITATIVE_TARGET_NAME,,,,,,,,NO,UNREGISTERED_TARGET_GAP,377 target slot has no authoritative element name in current repo,NO,NO,NO,NO,
312,UNRESOLVED_TARGET_SLOT_312,PPLAN_aggregate_gap,UNRESOLVED_TARGET_SLOT,,UNRESOLVED,UNRESOLVED,UNREGISTERED_TARGET_GAP,IMPORT_AUTHORITATIVE_TARGET_NAME,,,,,,,,NO,UNREGISTERED_TARGET_GAP,377 target slot has no authoritative element name in current repo,NO,NO,NO,NO,
313,UNRESOLVED_TARGET_SLOT_313,PPLAN_aggregate_gap,UNRESOLVED_TARGET_SLOT,,UNRESOLVED,UNRESOLVED,UNREGISTERED_TARGET_GAP,IMPORT_AUTHORITATIVE_TARGET_NAME,,,,,,,,NO,UNREGISTERED_TARGET_GAP,377 target slot has no authoritative element name in current repo,NO,NO,NO,NO,
314,UNRESOLVED_TARGET_SLOT_314,PPLAN_aggregate_gap,UNRESOLVED_TARGET_SLOT,,UNRESOLVED,UNRESOLVED,UNREGISTERED_TARGET_GAP,IMPORT_AUTHORITATIVE_TARGET_NAME,,,,,,,,NO,UNREGISTERED_TARGET_GAP,377 target slot has no authoritative element name in current repo,NO,NO,NO,NO,
315,UNRESOLVED_TARGET_SLOT_315,PPLAN_aggregate_gap,UNRESOLVED_TARGET_SLOT,,UNRESOLVED,UNRESOLVED,UNREGISTERED_TARGET_GAP,IMPORT_AUTHORITATIVE_TARGET_NAME,,,,,,,,NO,UNREGISTERED_TARGET_GAP,377 target slot has no authoritative element name in current repo,NO,NO,NO,NO,
316,UNRESOLVED_TARGET_SLOT_316,PPLAN_aggregate_gap,UNRESOLVED_TARGET_SLOT,,UNRESOLVED,UNRESOLVED,UNREGISTERED_TARGET_GAP,IMPORT_AUTHORITATIVE_TARGET_NAME,,,,,,,,NO,UNREGISTERED_TARGET_GAP,377 target slot has no authoritative element name in current repo,NO,NO,NO,NO,
317,UNRESOLVED_TARGET_SLOT_317,PPLAN_aggregate_gap,UNRESOLVED_TARGET_SLOT,,UNRESOLVED,UNRESOLVED,UNREGISTERED_TARGET_GAP,IMPORT_AUTHORITATIVE_TARGET_NAME,,,,,,,,NO,UNREGISTERED_TARGET_GAP,377 target slot has no authoritative element name in current repo,NO,NO,NO,NO,
318,UNRESOLVED_TARGET_SLOT_318,PPLAN_aggregate_gap,UNRESOLVED_TARGET_SLOT,,UNRESOLVED,UNRESOLVED,UNREGISTERED_TARGET_GAP,IMPORT_AUTHORITATIVE_TARGET_NAME,,,,,,,,NO,UNREGISTERED_TARGET_GAP,377 target slot has no authoritative element name in current repo,NO,NO,NO,NO,
319,UNRESOLVED_TARGET_SLOT_319,PPLAN_aggregate_gap,UNRESOLVED_TARGET_SLOT,,UNRESOLVED,UNRESOLVED,UNREGISTERED_TARGET_GAP,IMPORT_AUTHORITATIVE_TARGET_NAME,,,,,,,,NO,UNREGISTERED_TARGET_GAP,377 target slot has no authoritative element name in current repo,NO,NO,NO,NO,
320,UNRESOLVED_TARGET_SLOT_320,PPLAN_aggregate_gap,UNRESOLVED_TARGET_SLOT,,UNRESOLVED,UNRESOLVED,UNREGISTERED_TARGET_GAP,IMPORT_AUTHORITATIVE_TARGET_NAME,,,,,,,,NO,UNREGISTERED_TARGET_GAP,377 target slot has no authoritative element name in current repo,NO,NO,NO,NO,
321,UNRESOLVED_TARGET_SLOT_321,PPLAN_aggregate_gap,UNRESOLVED_TARGET_SLOT,,UNRESOLVED,UNRESOLVED,UNREGISTERED_TARGET_GAP,IMPORT_AUTHORITATIVE_TARGET_NAME,,,,,,,,NO,UNREGISTERED_TARGET_GAP,377 target slot has no authoritative element name in current repo,NO,NO,NO,NO,
322,UNRESOLVED_TARGET_SLOT_322,PPLAN_aggregate_gap,UNRESOLVED_TARGET_SLOT,,UNRESOLVED,UNRESOLVED,UNREGISTERED_TARGET_GAP,IMPORT_AUTHORITATIVE_TARGET_NAME,,,,,,,,NO,UNREGISTERED_TARGET_GAP,377 target slot has no authoritative element name in current repo,NO,NO,NO,NO,
323,UNRESOLVED_TARGET_SLOT_323,PPLAN_aggregate_gap,UNRESOLVED_TARGET_SLOT,,UNRESOLVED,UNRESOLVED,UNREGISTERED_TARGET_GAP,IMPORT_AUTHORITATIVE_TARGET_NAME,,,,,,,,NO,UNREGISTERED_TARGET_GAP,377 target slot has no authoritative element name in current repo,NO,NO,NO,NO,
324,UNRESOLVED_TARGET_SLOT_324,PPLAN_aggregate_gap,UNRESOLVED_TARGET_SLOT,,UNRESOLVED,UNRESOLVED,UNREGISTERED_TARGET_GAP,IMPORT_AUTHORITATIVE_TARGET_NAME,,,,,,,,NO,UNREGISTERED_TARGET_GAP,377 target slot has no authoritative element name in current repo,NO,NO,NO,NO,
325,UNRESOLVED_TARGET_SLOT_325,PPLAN_aggregate_gap,UNRESOLVED_TARGET_SLOT,,UNRESOLVED,UNRESOLVED,UNREGISTERED_TARGET_GAP,IMPORT_AUTHORITATIVE_TARGET_NAME,,,,,,,,NO,UNREGISTERED_TARGET_GAP,377 target slot has no authoritative element name in current repo,NO,NO,NO,NO,
326,UNRESOLVED_TARGET_SLOT_326,PPLAN_aggregate_gap,UNRESOLVED_TARGET_SLOT,,UNRESOLVED,UNRESOLVED,UNREGISTERED_TARGET_GAP,IMPORT_AUTHORITATIVE_TARGET_NAME,,,,,,,,NO,UNREGISTERED_TARGET_GAP,377 target slot has no authoritative element name in current repo,NO,NO,NO,NO,
327,UNRESOLVED_TARGET_SLOT_327,PPLAN_aggregate_gap,UNRESOLVED_TARGET_SLOT,,UNRESOLVED,UNRESOLVED,UNREGISTERED_TARGET_GAP,IMPORT_AUTHORITATIVE_TARGET_NAME,,,,,,,,NO,UNREGISTERED_TARGET_GAP,377 target slot has no authoritative element name in current repo,NO,NO,NO,NO,
328,UNRESOLVED_TARGET_SLOT_328,PPLAN_aggregate_gap,UNRESOLVED_TARGET_SLOT,,UNRESOLVED,UNRESOLVED,UNREGISTERED_TARGET_GAP,IMPORT_AUTHORITATIVE_TARGET_NAME,,,,,,,,NO,UNREGISTERED_TARGET_GAP,377 target slot has no authoritative element name in current repo,NO,NO,NO,NO,
329,UNRESOLVED_TARGET_SLOT_329,PPLAN_aggregate_gap,UNRESOLVED_TARGET_SLOT,,UNRESOLVED,UNRESOLVED,UNREGISTERED_TARGET_GAP,IMPORT_AUTHORITATIVE_TARGET_NAME,,,,,,,,NO,UNREGISTERED_TARGET_GAP,377 target slot has no authoritative element name in current repo,NO,NO,NO,NO,
330,UNRESOLVED_TARGET_SLOT_330,PPLAN_aggregate_gap,UNRESOLVED_TARGET_SLOT,,UNRESOLVED,UNRESOLVED,UNREGISTERED_TARGET_GAP,IMPORT_AUTHORITATIVE_TARGET_NAME,,,,,,,,NO,UNREGISTERED_TARGET_GAP,377 target slot has no authoritative element name in current repo,NO,NO,NO,NO,
331,UNRESOLVED_TARGET_SLOT_331,PPLAN_aggregate_gap,UNRESOLVED_TARGET_SLOT,,UNRESOLVED,UNRESOLVED,UNREGISTERED_TARGET_GAP,IMPORT_AUTHORITATIVE_TARGET_NAME,,,,,,,,NO,UNREGISTERED_TARGET_GAP,377 target slot has no authoritative element name in current repo,NO,NO,NO,NO,
332,UNRESOLVED_TARGET_SLOT_332,PPLAN_aggregate_gap,UNRESOLVED_TARGET_SLOT,,UNRESOLVED,UNRESOLVED,UNREGISTERED_TARGET_GAP,IMPORT_AUTHORITATIVE_TARGET_NAME,,,,,,,,NO,UNREGISTERED_TARGET_GAP,377 target slot has no authoritative element name in current repo,NO,NO,NO,NO,
333,UNRESOLVED_TARGET_SLOT_333,PPLAN_aggregate_gap,UNRESOLVED_TARGET_SLOT,,UNRESOLVED,UNRESOLVED,UNREGISTERED_TARGET_GAP,IMPORT_AUTHORITATIVE_TARGET_NAME,,,,,,,,NO,UNREGISTERED_TARGET_GAP,377 target slot has no authoritative element name in current repo,NO,NO,NO,NO,
334,UNRESOLVED_TARGET_SLOT_334,PPLAN_aggregate_gap,UNRESOLVED_TARGET_SLOT,,UNRESOLVED,UNRESOLVED,UNREGISTERED_TARGET_GAP,IMPORT_AUTHORITATIVE_TARGET_NAME,,,,,,,,NO,UNREGISTERED_TARGET_GAP,377 target slot has no authoritative element name in current repo,NO,NO,NO,NO,
335,UNRESOLVED_TARGET_SLOT_335,PPLAN_aggregate_gap,UNRESOLVED_TARGET_SLOT,,UNRESOLVED,UNRESOLVED,UNREGISTERED_TARGET_GAP,IMPORT_AUTHORITATIVE_TARGET_NAME,,,,,,,,NO,UNREGISTERED_TARGET_GAP,377 target slot has no authoritative element name in current repo,NO,NO,NO,NO,
336,UNRESOLVED_TARGET_SLOT_336,PPLAN_aggregate_gap,UNRESOLVED_TARGET_SLOT,,UNRESOLVED,UNRESOLVED,UNREGISTERED_TARGET_GAP,IMPORT_AUTHORITATIVE_TARGET_NAME,,,,,,,,NO,UNREGISTERED_TARGET_GAP,377 target slot has no authoritative element name in current repo,NO,NO,NO,NO,
337,UNRESOLVED_TARGET_SLOT_337,PPLAN_aggregate_gap,UNRESOLVED_TARGET_SLOT,,UNRESOLVED,UNRESOLVED,UNREGISTERED_TARGET_GAP,IMPORT_AUTHORITATIVE_TARGET_NAME,,,,,,,,NO,UNREGISTERED_TARGET_GAP,377 target slot has no authoritative element name in current repo,NO,NO,NO,NO,
338,UNRESOLVED_TARGET_SLOT_338,PPLAN_aggregate_gap,UNRESOLVED_TARGET_SLOT,,UNRESOLVED,UNRESOLVED,UNREGISTERED_TARGET_GAP,IMPORT_AUTHORITATIVE_TARGET_NAME,,,,,,,,NO,UNREGISTERED_TARGET_GAP,377 target slot has no authoritative element name in current repo,NO,NO,NO,NO,
339,UNRESOLVED_TARGET_SLOT_339,PPLAN_aggregate_gap,UNRESOLVED_TARGET_SLOT,,UNRESOLVED,UNRESOLVED,UNREGISTERED_TARGET_GAP,IMPORT_AUTHORITATIVE_TARGET_NAME,,,,,,,,NO,UNREGISTERED_TARGET_GAP,377 target slot has no authoritative element name in current repo,NO,NO,NO,NO,
340,UNRESOLVED_TARGET_SLOT_340,PPLAN_aggregate_gap,UNRESOLVED_TARGET_SLOT,,UNRESOLVED,UNRESOLVED,UNREGISTERED_TARGET_GAP,IMPORT_AUTHORITATIVE_TARGET_NAME,,,,,,,,NO,UNREGISTERED_TARGET_GAP,377 target slot has no authoritative element name in current repo,NO,NO,NO,NO,
341,UNRESOLVED_TARGET_SLOT_341,PPLAN_aggregate_gap,UNRESOLVED_TARGET_SLOT,,UNRESOLVED,UNRESOLVED,UNREGISTERED_TARGET_GAP,IMPORT_AUTHORITATIVE_TARGET_NAME,,,,,,,,NO,UNREGISTERED_TARGET_GAP,377 target slot has no authoritative element name in current repo,NO,NO,NO,NO,
342,UNRESOLVED_TARGET_SLOT_342,PPLAN_aggregate_gap,UNRESOLVED_TARGET_SLOT,,UNRESOLVED,UNRESOLVED,UNREGISTERED_TARGET_GAP,IMPORT_AUTHORITATIVE_TARGET_NAME,,,,,,,,NO,UNREGISTERED_TARGET_GAP,377 target slot has no authoritative element name in current repo,NO,NO,NO,NO,
343,UNRESOLVED_TARGET_SLOT_343,PPLAN_aggregate_gap,UNRESOLVED_TARGET_SLOT,,UNRESOLVED,UNRESOLVED,UNREGISTERED_TARGET_GAP,IMPORT_AUTHORITATIVE_TARGET_NAME,,,,,,,,NO,UNREGISTERED_TARGET_GAP,377 target slot has no authoritative element name in current repo,NO,NO,NO,NO,
344,UNRESOLVED_TARGET_SLOT_344,PPLAN_aggregate_gap,UNRESOLVED_TARGET_SLOT,,UNRESOLVED,UNRESOLVED,UNREGISTERED_TARGET_GAP,IMPORT_AUTHORITATIVE_TARGET_NAME,,,,,,,,NO,UNREGISTERED_TARGET_GAP,377 target slot has no authoritative element name in current repo,NO,NO,NO,NO,
345,UNRESOLVED_TARGET_SLOT_345,PPLAN_aggregate_gap,UNRESOLVED_TARGET_SLOT,,UNRESOLVED,UNRESOLVED,UNREGISTERED_TARGET_GAP,IMPORT_AUTHORITATIVE_TARGET_NAME,,,,,,,,NO,UNREGISTERED_TARGET_GAP,377 target slot has no authoritative element name in current repo,NO,NO,NO,NO,
346,UNRESOLVED_TARGET_SLOT_346,PPLAN_aggregate_gap,UNRESOLVED_TARGET_SLOT,,UNRESOLVED,UNRESOLVED,UNREGISTERED_TARGET_GAP,IMPORT_AUTHORITATIVE_TARGET_NAME,,,,,,,,NO,UNREGISTERED_TARGET_GAP,377 target slot has no authoritative element name in current repo,NO,NO,NO,NO,
347,UNRESOLVED_TARGET_SLOT_347,PPLAN_aggregate_gap,UNRESOLVED_TARGET_SLOT,,UNRESOLVED,UNRESOLVED,UNREGISTERED_TARGET_GAP,IMPORT_AUTHORITATIVE_TARGET_NAME,,,,,,,,NO,UNREGISTERED_TARGET_GAP,377 target slot has no authoritative element name in current repo,NO,NO,NO,NO,
348,UNRESOLVED_TARGET_SLOT_348,PPLAN_aggregate_gap,UNRESOLVED_TARGET_SLOT,,UNRESOLVED,UNRESOLVED,UNREGISTERED_TARGET_GAP,IMPORT_AUTHORITATIVE_TARGET_NAME,,,,,,,,NO,UNREGISTERED_TARGET_GAP,377 target slot has no authoritative element name in current repo,NO,NO,NO,NO,
349,UNRESOLVED_TARGET_SLOT_349,PPLAN_aggregate_gap,UNRESOLVED_TARGET_SLOT,,UNRESOLVED,UNRESOLVED,UNREGISTERED_TARGET_GAP,IMPORT_AUTHORITATIVE_TARGET_NAME,,,,,,,,NO,UNREGISTERED_TARGET_GAP,377 target slot has no authoritative element name in current repo,NO,NO,NO,NO,
350,UNRESOLVED_TARGET_SLOT_350,PPLAN_aggregate_gap,UNRESOLVED_TARGET_SLOT,,UNRESOLVED,UNRESOLVED,UNREGISTERED_TARGET_GAP,IMPORT_AUTHORITATIVE_TARGET_NAME,,,,,,,,NO,UNREGISTERED_TARGET_GAP,377 target slot has no authoritative element name in current repo,NO,NO,NO,NO,
351,UNRESOLVED_TARGET_SLOT_351,PPLAN_aggregate_gap,UNRESOLVED_TARGET_SLOT,,UNRESOLVED,UNRESOLVED,UNREGISTERED_TARGET_GAP,IMPORT_AUTHORITATIVE_TARGET_NAME,,,,,,,,NO,UNREGISTERED_TARGET_GAP,377 target slot has no authoritative element name in current repo,NO,NO,NO,NO,
352,UNRESOLVED_TARGET_SLOT_352,PPLAN_aggregate_gap,UNRESOLVED_TARGET_SLOT,,UNRESOLVED,UNRESOLVED,UNREGISTERED_TARGET_GAP,IMPORT_AUTHORITATIVE_TARGET_NAME,,,,,,,,NO,UNREGISTERED_TARGET_GAP,377 target slot has no authoritative element name in current repo,NO,NO,NO,NO,
353,UNRESOLVED_TARGET_SLOT_353,PPLAN_aggregate_gap,UNRESOLVED_TARGET_SLOT,,UNRESOLVED,UNRESOLVED,UNREGISTERED_TARGET_GAP,IMPORT_AUTHORITATIVE_TARGET_NAME,,,,,,,,NO,UNREGISTERED_TARGET_GAP,377 target slot has no authoritative element name in current repo,NO,NO,NO,NO,
354,UNRESOLVED_TARGET_SLOT_354,PPLAN_aggregate_gap,UNRESOLVED_TARGET_SLOT,,UNRESOLVED,UNRESOLVED,UNREGISTERED_TARGET_GAP,IMPORT_AUTHORITATIVE_TARGET_NAME,,,,,,,,NO,UNREGISTERED_TARGET_GAP,377 target slot has no authoritative element name in current repo,NO,NO,NO,NO,
355,UNRESOLVED_TARGET_SLOT_355,PPLAN_aggregate_gap,UNRESOLVED_TARGET_SLOT,,UNRESOLVED,UNRESOLVED,UNREGISTERED_TARGET_GAP,IMPORT_AUTHORITATIVE_TARGET_NAME,,,,,,,,NO,UNREGISTERED_TARGET_GAP,377 target slot has no authoritative element name in current repo,NO,NO,NO,NO,
356,UNRESOLVED_TARGET_SLOT_356,PPLAN_aggregate_gap,UNRESOLVED_TARGET_SLOT,,UNRESOLVED,UNRESOLVED,UNREGISTERED_TARGET_GAP,IMPORT_AUTHORITATIVE_TARGET_NAME,,,,,,,,NO,UNREGISTERED_TARGET_GAP,377 target slot has no authoritative element name in current repo,NO,NO,NO,NO,
357,UNRESOLVED_TARGET_SLOT_357,PPLAN_aggregate_gap,UNRESOLVED_TARGET_SLOT,,UNRESOLVED,UNRESOLVED,UNREGISTERED_TARGET_GAP,IMPORT_AUTHORITATIVE_TARGET_NAME,,,,,,,,NO,UNREGISTERED_TARGET_GAP,377 target slot has no authoritative element name in current repo,NO,NO,NO,NO,
358,UNRESOLVED_TARGET_SLOT_358,PPLAN_aggregate_gap,UNRESOLVED_TARGET_SLOT,,UNRESOLVED,UNRESOLVED,UNREGISTERED_TARGET_GAP,IMPORT_AUTHORITATIVE_TARGET_NAME,,,,,,,,NO,UNREGISTERED_TARGET_GAP,377 target slot has no authoritative element name in current repo,NO,NO,NO,NO,
359,UNRESOLVED_TARGET_SLOT_359,PPLAN_aggregate_gap,UNRESOLVED_TARGET_SLOT,,UNRESOLVED,UNRESOLVED,UNREGISTERED_TARGET_GAP,IMPORT_AUTHORITATIVE_TARGET_NAME,,,,,,,,NO,UNREGISTERED_TARGET_GAP,377 target slot has no authoritative element name in current repo,NO,NO,NO,NO,
360,UNRESOLVED_TARGET_SLOT_360,PPLAN_aggregate_gap,UNRESOLVED_TARGET_SLOT,,UNRESOLVED,UNRESOLVED,UNREGISTERED_TARGET_GAP,IMPORT_AUTHORITATIVE_TARGET_NAME,,,,,,,,NO,UNREGISTERED_TARGET_GAP,377 target slot has no authoritative element name in current repo,NO,NO,NO,NO,
361,UNRESOLVED_TARGET_SLOT_361,PPLAN_aggregate_gap,UNRESOLVED_TARGET_SLOT,,UNRESOLVED,UNRESOLVED,UNREGISTERED_TARGET_GAP,IMPORT_AUTHORITATIVE_TARGET_NAME,,,,,,,,NO,UNREGISTERED_TARGET_GAP,377 target slot has no authoritative element name in current repo,NO,NO,NO,NO,
362,UNRESOLVED_TARGET_SLOT_362,PPLAN_aggregate_gap,UNRESOLVED_TARGET_SLOT,,UNRESOLVED,UNRESOLVED,UNREGISTERED_TARGET_GAP,IMPORT_AUTHORITATIVE_TARGET_NAME,,,,,,,,NO,UNREGISTERED_TARGET_GAP,377 target slot has no authoritative element name in current repo,NO,NO,NO,NO,
363,UNRESOLVED_TARGET_SLOT_363,PPLAN_aggregate_gap,UNRESOLVED_TARGET_SLOT,,UNRESOLVED,UNRESOLVED,UNREGISTERED_TARGET_GAP,IMPORT_AUTHORITATIVE_TARGET_NAME,,,,,,,,NO,UNREGISTERED_TARGET_GAP,377 target slot has no authoritative element name in current repo,NO,NO,NO,NO,
364,UNRESOLVED_TARGET_SLOT_364,PPLAN_aggregate_gap,UNRESOLVED_TARGET_SLOT,,UNRESOLVED,UNRESOLVED,UNREGISTERED_TARGET_GAP,IMPORT_AUTHORITATIVE_TARGET_NAME,,,,,,,,NO,UNREGISTERED_TARGET_GAP,377 target slot has no authoritative element name in current repo,NO,NO,NO,NO,
365,UNRESOLVED_TARGET_SLOT_365,PPLAN_aggregate_gap,UNRESOLVED_TARGET_SLOT,,UNRESOLVED,UNRESOLVED,UNREGISTERED_TARGET_GAP,IMPORT_AUTHORITATIVE_TARGET_NAME,,,,,,,,NO,UNREGISTERED_TARGET_GAP,377 target slot has no authoritative element name in current repo,NO,NO,NO,NO,
366,UNRESOLVED_TARGET_SLOT_366,PPLAN_aggregate_gap,UNRESOLVED_TARGET_SLOT,,UNRESOLVED,UNRESOLVED,UNREGISTERED_TARGET_GAP,IMPORT_AUTHORITATIVE_TARGET_NAME,,,,,,,,NO,UNREGISTERED_TARGET_GAP,377 target slot has no authoritative element name in current repo,NO,NO,NO,NO,
367,UNRESOLVED_TARGET_SLOT_367,PPLAN_aggregate_gap,UNRESOLVED_TARGET_SLOT,,UNRESOLVED,UNRESOLVED,UNREGISTERED_TARGET_GAP,IMPORT_AUTHORITATIVE_TARGET_NAME,,,,,,,,NO,UNREGISTERED_TARGET_GAP,377 target slot has no authoritative element name in current repo,NO,NO,NO,NO,
368,UNRESOLVED_TARGET_SLOT_368,PPLAN_aggregate_gap,UNRESOLVED_TARGET_SLOT,,UNRESOLVED,UNRESOLVED,UNREGISTERED_TARGET_GAP,IMPORT_AUTHORITATIVE_TARGET_NAME,,,,,,,,NO,UNREGISTERED_TARGET_GAP,377 target slot has no authoritative element name in current repo,NO,NO,NO,NO,
369,UNRESOLVED_TARGET_SLOT_369,PPLAN_aggregate_gap,UNRESOLVED_TARGET_SLOT,,UNRESOLVED,UNRESOLVED,UNREGISTERED_TARGET_GAP,IMPORT_AUTHORITATIVE_TARGET_NAME,,,,,,,,NO,UNREGISTERED_TARGET_GAP,377 target slot has no authoritative element name in current repo,NO,NO,NO,NO,
370,UNRESOLVED_TARGET_SLOT_370,PPLAN_aggregate_gap,UNRESOLVED_TARGET_SLOT,,UNRESOLVED,UNRESOLVED,UNREGISTERED_TARGET_GAP,IMPORT_AUTHORITATIVE_TARGET_NAME,,,,,,,,NO,UNREGISTERED_TARGET_GAP,377 target slot has no authoritative element name in current repo,NO,NO,NO,NO,
371,UNRESOLVED_TARGET_SLOT_371,PPLAN_aggregate_gap,UNRESOLVED_TARGET_SLOT,,UNRESOLVED,UNRESOLVED,UNREGISTERED_TARGET_GAP,IMPORT_AUTHORITATIVE_TARGET_NAME,,,,,,,,NO,UNREGISTERED_TARGET_GAP,377 target slot has no authoritative element name in current repo,NO,NO,NO,NO,
372,UNRESOLVED_TARGET_SLOT_372,PPLAN_aggregate_gap,UNRESOLVED_TARGET_SLOT,,UNRESOLVED,UNRESOLVED,UNREGISTERED_TARGET_GAP,IMPORT_AUTHORITATIVE_TARGET_NAME,,,,,,,,NO,UNREGISTERED_TARGET_GAP,377 target slot has no authoritative element name in current repo,NO,NO,NO,NO,
373,UNRESOLVED_TARGET_SLOT_373,PPLAN_aggregate_gap,UNRESOLVED_TARGET_SLOT,,UNRESOLVED,UNRESOLVED,UNREGISTERED_TARGET_GAP,IMPORT_AUTHORITATIVE_TARGET_NAME,,,,,,,,NO,UNREGISTERED_TARGET_GAP,377 target slot has no authoritative element name in current repo,NO,NO,NO,NO,
374,UNRESOLVED_TARGET_SLOT_374,PPLAN_aggregate_gap,UNRESOLVED_TARGET_SLOT,,UNRESOLVED,UNRESOLVED,UNREGISTERED_TARGET_GAP,IMPORT_AUTHORITATIVE_TARGET_NAME,,,,,,,,NO,UNREGISTERED_TARGET_GAP,377 target slot has no authoritative element name in current repo,NO,NO,NO,NO,
375,UNRESOLVED_TARGET_SLOT_375,PPLAN_aggregate_gap,UNRESOLVED_TARGET_SLOT,,UNRESOLVED,UNRESOLVED,UNREGISTERED_TARGET_GAP,IMPORT_AUTHORITATIVE_TARGET_NAME,,,,,,,,NO,UNREGISTERED_TARGET_GAP,377 target slot has no authoritative element name in current repo,NO,NO,NO,NO,
376,UNRESOLVED_TARGET_SLOT_376,PPLAN_aggregate_gap,UNRESOLVED_TARGET_SLOT,,UNRESOLVED,UNRESOLVED,UNREGISTERED_TARGET_GAP,IMPORT_AUTHORITATIVE_TARGET_NAME,,,,,,,,NO,UNREGISTERED_TARGET_GAP,377 target slot has no authoritative element name in current repo,NO,NO,NO,NO,
377,UNRESOLVED_TARGET_SLOT_377,PPLAN_aggregate_gap,UNRESOLVED_TARGET_SLOT,,UNRESOLVED,UNRESOLVED,UNREGISTERED_TARGET_GAP,IMPORT_AUTHORITATIVE_TARGET_NAME,,,,,,,,NO,UNREGISTERED_TARGET_GAP,377 target slot has no authoritative element name in current repo,NO,NO,NO,NO,
