layer,rel_path,family,module,role,has_desc,has_state,has_algo,has_ctx,is_hot_path,is_bridge,has_legacy_hot_path,tested,note
L3_MD,ufc_core/L3_MD/Material/Acoustic/MD_Aco_Absorb.f90,Acoustic,MD_Aco_Absorb,Def,True,False,False,False,False,True,False,False,
L3_MD,ufc_core/L3_MD/Material/Acoustic/MD_Aco_Linear.f90,Acoustic,MD_Aco_Linear,Def,True,False,False,False,False,True,False,False,
L3_MD,ufc_core/L3_MD/Material/Acoustic/MD_Mat_Acous_Brg.f90,Acoustic,MD_Mat_Acous_Brg,Def,True,False,False,False,False,True,False,False,
L3_MD,ufc_core/L3_MD/Material/Acoustic/MD_Mat_Acous_Core.f90,Acoustic,MD_Mat_Acous_Core,Def,True,True,False,False,False,True,False,False,
L3_MD,ufc_core/L3_MD/Material/Acoustic/MD_Mat_Acous_Def.f90,Acoustic,MD_Mat_Acous_Def,Def,True,True,False,False,False,True,False,False,
L3_MD,ufc_core/L3_MD/Material/Acoustic/MD_Mat_AcousticProps.f90,Acoustic,MD_Mat_AcousticProps,Def,True,True,True,False,False,True,False,False,
L3_MD,ufc_core/L3_MD/Material/Acoustic/MD_Mat_Creep_Acoustic.f90,Acoustic,MD_Mat_Creep_Acoustic,Def,True,True,False,False,False,True,False,False,
L3_MD,ufc_core/L3_MD/Material/Base/MD_Mat_BaseDef.f90,Base,MD_Mat_BaseDef,Def,True,True,True,True,False,True,False,False,
L3_MD,ufc_core/L3_MD/Material/Base/MD_Mat_Core.f90,Base,MD_Mat_Core,Def,True,True,False,False,False,True,False,False,
L3_MD,ufc_core/L3_MD/Material/Base/MD_Mat_Reg.f90,Base,MD_Mat_Reg,Def,True,True,False,True,False,True,False,False,
L3_MD,ufc_core/L3_MD/Material/Bridge/MD_Mat_Brg.f90,Bridge,MD_Mat_Brg,Def,True,True,True,True,False,True,False,False,
L3_MD,ufc_core/L3_MD/Material/Bridge/MD_MatRT_Brg.f90,Bridge,MD_MatRT_Brg,Domain,False,False,True,True,True,True,True,False,L3 hot-path marker: freeze or migrate; legacy material route dependency
L3_MD,ufc_core/L3_MD/Material/Composite/MD_Cmp_CLT.f90,Composite,MD_Cmp_CLT,Def,True,False,False,False,False,True,False,False,
L3_MD,ufc_core/L3_MD/Material/Composite/MD_Cmp_Fabric.f90,Composite,MD_Cmp_Fabric,Def,True,False,False,False,False,True,False,False,
L3_MD,ufc_core/L3_MD/Material/Composite/MD_Cmp_FoamVE.f90,Composite,MD_Cmp_FoamVE,Def,True,False,False,False,False,True,False,False,
L3_MD,ufc_core/L3_MD/Material/Composite/MD_Cmp_Hashin.f90,Composite,MD_Cmp_Hashin,Def,True,False,False,False,False,True,False,False,
L3_MD,ufc_core/L3_MD/Material/Composite/MD_Cmp_Jointed.f90,Composite,MD_Cmp_Jointed,Def,True,False,False,False,False,True,False,False,
L3_MD,ufc_core/L3_MD/Material/Composite/MD_Mat_Comp_Brg.f90,Composite,MD_Mat_Comp_Brg,Def,True,False,False,False,False,True,False,False,
L3_MD,ufc_core/L3_MD/Material/Composite/MD_Mat_Comp_Core.f90,Composite,MD_Mat_Comp_Core,Def,True,True,False,False,False,True,False,False,
L3_MD,ufc_core/L3_MD/Material/Composite/MD_Mat_Comp_Def.f90,Composite,MD_Mat_Comp_Def,Def,True,True,False,False,False,True,False,False,
L3_MD,ufc_core/L3_MD/Material/Composite/MD_Mat_Composite_Delamination.f90,Composite,MD_Mat_Composite_Delamination,Def,True,True,False,False,False,True,False,False,
L3_MD,ufc_core/L3_MD/Material/Composite/MD_Mat_Composite_Fabric.f90,Composite,MD_Mat_Composite_Fabric,Domain,True,True,False,False,False,True,False,False,
L3_MD,ufc_core/L3_MD/Material/Composite/MD_Mat_Composite_FiberDamage.f90,Composite,MD_Mat_Composite_FiberDamage,Def,True,False,False,False,False,True,False,False,
L3_MD,ufc_core/L3_MD/Material/Composite/MD_Mat_Composite_Interface.f90,Composite,MD_Mat_Composite_Interface,Def,True,True,False,False,False,True,False,False,
L3_MD,ufc_core/L3_MD/Material/Composite/MD_Mat_Composite_Laminate.f90,Composite,MD_Mat_Composite_Laminate,Def,True,False,False,False,False,True,False,False,
L3_MD,ufc_core/L3_MD/Material/Contract/MD_Mat_Def.f90,Contract,MD_Mat_Def,Def,True,True,True,True,False,True,False,True,
L3_MD,ufc_core/L3_MD/Material/Contract/MD_Mat_Ids.f90,Contract,MD_Mat_Ids,Def,False,False,True,False,False,True,False,False,
L3_MD,ufc_core/L3_MD/Material/Contract/MD_MatDMG_Def.f90,Contract,MD_MatDMG_Def,Def,True,True,True,True,False,True,False,False,
L3_MD,ufc_core/L3_MD/Material/Contract/MD_MatELA_CoupledDesc.f90,Contract,MD_MatELA_CoupledDesc,Def,False,False,False,False,False,True,False,False,
L3_MD,ufc_core/L3_MD/Material/Contract/MD_MatHYP_Def.f90,Contract,MD_MatHYP_Def,Def,True,True,True,True,False,True,False,False,
L3_MD,ufc_core/L3_MD/Material/Contract/MD_MatPlgGeotech_Def.f90,Contract,MD_MatPlgGeotech_Def,Def,True,False,True,False,False,True,False,False,
L3_MD,ufc_core/L3_MD/Material/Contract/MD_MatPLM_DescBase.f90,Contract,MD_MatPLM_DescBase,Def,False,True,True,False,False,True,False,False,
L3_MD,ufc_core/L3_MD/Material/Contract/MD_MatSPU_Def.f90,Contract,MD_MatSPU_Def,Def,True,True,True,True,False,True,False,False,
L3_MD,ufc_core/L3_MD/Material/Contract/MD_MatVSC_Def.f90,Contract,MD_MatVSC_Def,Def,True,True,True,True,False,True,False,False,
L3_MD,ufc_core/L3_MD/Material/Creep/MD_Crp_Anneal.f90,Creep,MD_Crp_Anneal,Def,True,False,False,False,False,True,False,False,
L3_MD,ufc_core/L3_MD/Material/Creep/MD_Crp_Bodner.f90,Creep,MD_Crp_Bodner,Def,True,False,False,False,False,True,False,False,
L3_MD,ufc_core/L3_MD/Material/Creep/MD_Crp_DuvautLions.f90,Creep,MD_Crp_DuvautLions,Def,True,False,False,False,False,True,False,False,
L3_MD,ufc_core/L3_MD/Material/Creep/MD_Crp_Garofalo.f90,Creep,MD_Crp_Garofalo,Def,True,False,False,False,False,True,False,False,
L3_MD,ufc_core/L3_MD/Material/Creep/MD_Crp_Perzyna.f90,Creep,MD_Crp_Perzyna,Def,True,False,False,False,False,True,False,False,
L3_MD,ufc_core/L3_MD/Material/Creep/MD_Crp_PowerLaw.f90,Creep,MD_Crp_PowerLaw,Def,True,False,False,False,False,True,False,False,
L3_MD,ufc_core/L3_MD/Material/Creep/MD_Crp_TwoLayer.f90,Creep,MD_Crp_TwoLayer,Def,True,False,False,False,False,True,False,False,
L3_MD,ufc_core/L3_MD/Material/Creep/MD_Crp_UserDef.f90,Creep,MD_Crp_UserDef,Def,True,False,False,False,False,True,False,False,
L3_MD,ufc_core/L3_MD/Material/Creep/MD_Mat_Creep_BiotPoroElastic.f90,Creep,MD_Mat_Creep_BiotPoroElastic,Def,True,True,False,False,False,True,False,False,
L3_MD,ufc_core/L3_MD/Material/Creep/MD_Mat_Creep_Brg.f90,Creep,MD_Mat_Creep_Brg,Def,True,False,False,False,False,True,False,False,
L3_MD,ufc_core/L3_MD/Material/Creep/MD_Mat_Creep_Core.f90,Creep,MD_Mat_Creep_Core,Def,True,True,False,False,False,True,False,False,
L3_MD,ufc_core/L3_MD/Material/Creep/MD_Mat_Creep_Def.f90,Creep,MD_Mat_Creep_Def,Def,True,True,False,False,False,True,False,False,
L3_MD,ufc_core/L3_MD/Material/Creep/MD_Mat_Creep_Diffusion.f90,Creep,MD_Mat_Creep_Diffusion,Def,True,True,False,False,False,True,False,False,
L3_MD,ufc_core/L3_MD/Material/Creep/MD_Mat_Creep_PiezoElastic.f90,Creep,MD_Mat_Creep_PiezoElastic,Def,True,True,False,False,False,True,False,False,
L3_MD,ufc_core/L3_MD/Material/Creep/MD_Mat_Creep_Piezoelectric.f90,Creep,MD_Mat_Creep_Piezoelectric,Def,True,True,False,False,False,True,False,False,
L3_MD,ufc_core/L3_MD/Material/Creep/MD_Mat_Creep_PoreFlow.f90,Creep,MD_Mat_Creep_PoreFlow,Def,True,True,False,False,False,True,False,False,
L3_MD,ufc_core/L3_MD/Material/Creep/MD_MatPOR_CrushFoam.f90,Creep,MD_MatPOR_CrushFoam,Def,True,True,True,True,False,True,False,False,
L3_MD,ufc_core/L3_MD/Material/Creep/MD_MatPOR_Foam3.f90,Creep,MD_MatPOR_Foam3,Def,True,True,True,True,False,True,False,False,
L3_MD,ufc_core/L3_MD/Material/Creep/MD_MatPOR_Gurson.f90,Creep,MD_MatPOR_Gurson,Def,True,True,True,True,False,True,False,False,
L3_MD,ufc_core/L3_MD/Material/Creep/MD_MatPOR_Porous.f90,Creep,MD_MatPOR_Porous,Def,True,False,False,False,False,True,False,False,
L3_MD,ufc_core/L3_MD/Material/Creep/MD_MatPorFoam_Def.f90,Creep,MD_MatPorFoam_Def,Def,False,False,False,False,False,True,False,False,
L3_MD,ufc_core/L3_MD/Material/Damage/MD_Dmg_Brittle.f90,Damage,MD_Dmg_Brittle,Def,True,False,False,False,False,True,False,False,
L3_MD,ufc_core/L3_MD/Material/Damage/MD_Dmg_CDP.f90,Damage,MD_Dmg_CDP,Def,True,False,False,False,False,True,False,False,
L3_MD,ufc_core/L3_MD/Material/Damage/MD_Dmg_CZM.f90,Damage,MD_Dmg_CZM,Def,True,False,False,False,False,True,False,False,
L3_MD,ufc_core/L3_MD/Material/Damage/MD_Dmg_Ductile.f90,Damage,MD_Dmg_Ductile,Def,True,False,False,False,False,True,False,False,
L3_MD,ufc_core/L3_MD/Material/Damage/MD_Dmg_FLD.f90,Damage,MD_Dmg_FLD,Def,True,False,False,False,False,True,False,False,
L3_MD,ufc_core/L3_MD/Material/Damage/MD_Dmg_Shear.f90,Damage,MD_Dmg_Shear,Def,True,False,False,False,False,True,False,False,
L3_MD,ufc_core/L3_MD/Material/Damage/MD_Mat_Damage_Brg.f90,Damage,MD_Mat_Damage_Brg,Def,True,False,False,False,False,True,False,False,
L3_MD,ufc_core/L3_MD/Material/Damage/MD_Mat_Damage_Brittle.f90,Damage,MD_Mat_Damage_Brittle,Def,True,False,False,False,False,True,False,False,
L3_MD,ufc_core/L3_MD/Material/Damage/MD_Mat_Damage_Core.f90,Damage,MD_Mat_Damage_Core,Def,True,True,False,False,False,True,False,False,
L3_MD,ufc_core/L3_MD/Material/Damage/MD_Mat_Damage_Def.f90,Damage,MD_Mat_Damage_Def,Def,True,True,False,False,False,True,False,False,
L3_MD,ufc_core/L3_MD/Material/Damage/MD_Mat_Damage_DuctileDamage.f90,Damage,MD_Mat_Damage_DuctileDamage,Def,True,True,False,False,False,True,False,False,
L3_MD,ufc_core/L3_MD/Material/Damage/MD_Mat_Damage_Dynamic.f90,Damage,MD_Mat_Damage_Dynamic,Def,True,True,False,False,False,True,False,False,
L3_MD,ufc_core/L3_MD/Material/Damage/MD_Mat_Damage_FatigueCrack.f90,Damage,MD_Mat_Damage_FatigueCrack,Def,True,True,False,False,False,True,False,False,
L3_MD,ufc_core/L3_MD/Material/Damage/MD_Mat_Damage_LowCycleFatigue.f90,Damage,MD_Mat_Damage_LowCycleFatigue,Domain,True,True,False,False,False,True,False,False,
L3_MD,ufc_core/L3_MD/Material/Damage/MD_Mat_Damage_Multiscale.f90,Damage,MD_Mat_Damage_Multiscale,Domain,True,True,False,False,False,True,False,False,
L3_MD,ufc_core/L3_MD/Material/Damage/MD_Mat_Damage_Progressive.f90,Damage,MD_Mat_Damage_Progressive,Domain,True,True,False,False,False,True,False,False,
L3_MD,ufc_core/L3_MD/Material/Damage/MD_Mat_Damage_ViscoDamage.f90,Damage,MD_Mat_Damage_ViscoDamage,Domain,True,True,False,False,False,True,False,False,
L3_MD,ufc_core/L3_MD/Material/Dispatch/MD_Mat_Lib.f90,Dispatch,MD_Mat_Lib,Def,True,True,True,True,False,True,False,False,
L3_MD,ufc_core/L3_MD/Material/Dispatch/MD_MatELA_ElasCall.f90,Dispatch,MD_MatELA_ElasCall,Def,True,False,True,True,False,True,False,False,
L3_MD,ufc_core/L3_MD/Material/Dispatch/MD_MatPLM_PlastBase.f90,Dispatch,MD_MatPLM_PlastBase,Domain,False,True,True,False,False,True,False,False,
L3_MD,ufc_core/L3_MD/Material/Dispatch/MD_MatPLM_PlastCall.f90,Dispatch,MD_MatPLM_PlastCall,Def,True,False,True,True,False,True,False,False,
L3_MD,ufc_core/L3_MD/Material/Domain/MD_Mat_Mgr.f90,Domain,MD_Mat_Mgr,Def,False,True,True,True,False,True,False,False,
L3_MD,ufc_core/L3_MD/Material/Domain/MD_MatDomain_Def.f90,Domain,MD_MatDomain_Def,Def,True,True,True,True,False,True,False,False,
L3_MD,ufc_core/L3_MD/Material/Elas/MD_Ela_Aniso.f90,Elas,MD_Ela_Aniso,Def,True,False,True,False,False,True,False,False,
L3_MD,ufc_core/L3_MD/Material/Elas/MD_Ela_Iso.f90,Elas,MD_Ela_Iso,Def,True,False,False,False,False,True,False,False,
L3_MD,ufc_core/L3_MD/Material/Elas/MD_Ela_Ortho.f90,Elas,MD_Ela_Ortho,Def,True,False,False,False,False,True,False,False,
L3_MD,ufc_core/L3_MD/Material/Elas/MD_Mat_Elas_Anisotropic.f90,Elas,MD_Mat_Elas_Anisotropic,Def,True,True,False,False,False,True,False,False,
L3_MD,ufc_core/L3_MD/Material/Elas/MD_Mat_Elas_Hypoelastic.f90,Elas,MD_Mat_Elas_Hypoelastic,Def,True,True,False,False,False,True,False,False,
L3_MD,ufc_core/L3_MD/Material/Elas/MD_Mat_Elas_Isotropic.f90,Elas,MD_Mat_Elas_Isotropic,Def,True,False,True,False,False,True,False,False,
L3_MD,ufc_core/L3_MD/Material/Elas/MD_Mat_Elas_Orthotropic.f90,Elas,MD_Mat_Elas_Orthotropic,Def,True,True,True,False,False,True,False,False,
L3_MD,ufc_core/L3_MD/Material/Elas/MD_Mat_Elas_Porous.f90,Elas,MD_Mat_Elas_Porous,Def,True,True,False,False,False,True,False,False,
L3_MD,ufc_core/L3_MD/Material/Elas/MD_Mat_Elas_TransIsotropic.f90,Elas,MD_Mat_Elas_TransIsotropic,Def,True,True,True,False,False,True,False,False,
L3_MD,ufc_core/L3_MD/Material/Geo/MD_Geo_DruckerPrager.f90,Geo,MD_Geo_DruckerPrager,Def,True,False,False,False,False,True,False,False,
L3_MD,ufc_core/L3_MD/Material/Geo/MD_Geo_MohrCoulomb.f90,Geo,MD_Geo_MohrCoulomb,Def,True,False,False,False,False,True,False,False,
L3_MD,ufc_core/L3_MD/Material/Geo/MD_Mat_Geo_Brg.f90,Geo,MD_Mat_Geo_Brg,Def,True,False,False,False,False,True,False,False,
L3_MD,ufc_core/L3_MD/Material/Geo/MD_Mat_Geo_Core.f90,Geo,MD_Mat_Geo_Core,Def,True,True,False,False,False,True,False,False,
L3_MD,ufc_core/L3_MD/Material/Geo/MD_Mat_Geo_Def.f90,Geo,MD_Mat_Geo_Def,Def,True,True,False,False,False,False,False,False,
L3_MD,ufc_core/L3_MD/Material/Geo/MD_MatPLG_BrittleCrack.f90,Geo,MD_MatPLG_BrittleCrack,Def,True,True,True,False,False,True,False,False,
L3_MD,ufc_core/L3_MD/Material/Geo/MD_MatPLG_CamClay.f90,Geo,MD_MatPLG_CamClay,Def,True,True,True,False,False,True,False,False,
L3_MD,ufc_core/L3_MD/Material/Geo/MD_MatPLG_Cap.f90,Geo,MD_MatPLG_Cap,Def,True,True,False,False,False,True,False,False,
L3_MD,ufc_core/L3_MD/Material/Geo/MD_MatPLG_ConcreteDamage.f90,Geo,MD_MatPLG_ConcreteDamage,Domain,True,True,False,False,False,True,False,False,
L3_MD,ufc_core/L3_MD/Material/Geo/MD_MatPLG_DruckerPrager.f90,Geo,MD_MatPLG_DruckerPrager,Def,True,True,False,False,False,True,False,False,
L3_MD,ufc_core/L3_MD/Material/Geo/MD_MatPLG_Geotech.f90,Geo,MD_MatPLG_Geotech,Def,True,False,False,False,False,True,False,False,
L3_MD,ufc_core/L3_MD/Material/Geo/MD_MatPLG_Joint.f90,Geo,MD_MatPLG_Joint,Def,True,True,False,False,False,True,False,False,
L3_MD,ufc_core/L3_MD/Material/Geo/MD_MatPLG_MohrCoulomb.f90,Geo,MD_MatPLG_MohrCoulomb,Def,True,True,False,False,False,True,False,False,
L3_MD,ufc_core/L3_MD/Material/Geo/MD_MatPLG_SmearedCrack.f90,Geo,MD_MatPLG_SmearedCrack,Def,True,True,False,False,False,True,False,False,
L3_MD,ufc_core/L3_MD/Material/Geo/MD_MatPLG_SoftRock.f90,Geo,MD_MatPLG_SoftRock,Def,True,True,False,False,False,True,False,False,
L3_MD,ufc_core/L3_MD/Material/Geo/MD_MatPLG_Soil.f90,Geo,MD_MatPLG_Soil,Def,True,False,False,False,False,True,False,False,
L3_MD,ufc_core/L3_MD/Material/HyperElas/MD_Hyp_ArrudaBoyce.f90,HyperElas,MD_Hyp_ArrudaBoyce,Def,True,False,False,False,False,True,False,False,
L3_MD,ufc_core/L3_MD/Material/HyperElas/MD_Hyp_Foam.f90,HyperElas,MD_Hyp_Foam,Def,True,False,False,False,False,True,False,False,
L3_MD,ufc_core/L3_MD/Material/HyperElas/MD_Hyp_Gent.f90,HyperElas,MD_Hyp_Gent,Def,True,False,False,False,False,True,False,False,
L3_MD,ufc_core/L3_MD/Material/HyperElas/MD_Hyp_Marlow.f90,HyperElas,MD_Hyp_Marlow,Def,True,False,False,False,False,True,False,False,
L3_MD,ufc_core/L3_MD/Material/HyperElas/MD_Hyp_MooneyRivlin.f90,HyperElas,MD_Hyp_MooneyRivlin,Def,True,False,False,False,False,True,False,False,
L3_MD,ufc_core/L3_MD/Material/HyperElas/MD_Hyp_MooneyRivlin2.f90,HyperElas,MD_Hyp_MooneyRivlin2,Def,True,False,False,False,False,True,False,False,
L3_MD,ufc_core/L3_MD/Material/HyperElas/MD_Hyp_MooneyRivlin5.f90,HyperElas,MD_Hyp_MooneyRivlin5,Def,True,False,False,False,False,True,False,False,
L3_MD,ufc_core/L3_MD/Material/HyperElas/MD_Hyp_NeoHookean1.f90,HyperElas,MD_Hyp_NeoHookean1,Def,True,False,False,False,False,True,False,False,
L3_MD,ufc_core/L3_MD/Material/HyperElas/MD_Hyp_NeoHookean2.f90,HyperElas,MD_Hyp_NeoHookean2,Def,True,False,False,False,False,True,False,False,
L3_MD,ufc_core/L3_MD/Material/HyperElas/MD_Hyp_Ogden2.f90,HyperElas,MD_Hyp_Ogden2,Def,True,False,False,False,False,True,False,False,
L3_MD,ufc_core/L3_MD/Material/HyperElas/MD_Hyp_Ogden3.f90,HyperElas,MD_Hyp_Ogden3,Def,True,False,False,False,False,True,False,False,
L3_MD,ufc_core/L3_MD/Material/HyperElas/MD_Hyp_VanDerWaals.f90,HyperElas,MD_Hyp_VanDerWaals,Def,True,False,False,False,False,True,False,False,
L3_MD,ufc_core/L3_MD/Material/HyperElas/MD_Hyp_Yeoh.f90,HyperElas,MD_Hyp_Yeoh,Def,True,False,False,False,False,True,False,False,
L3_MD,ufc_core/L3_MD/Material/HyperElas/MD_Mat_HyperElas_ArrudaBoyce.f90,HyperElas,MD_Mat_HyperElas_ArrudaBoyce,Def,True,False,True,False,False,True,False,False,
L3_MD,ufc_core/L3_MD/Material/HyperElas/MD_Mat_HyperElas_Brg.f90,HyperElas,MD_Mat_HyperElas_Brg,Def,True,False,False,False,False,True,False,False,
L3_MD,ufc_core/L3_MD/Material/HyperElas/MD_Mat_HyperElas_Core.f90,HyperElas,MD_Mat_HyperElas_Core,Def,True,False,False,False,False,True,False,False,
L3_MD,ufc_core/L3_MD/Material/HyperElas/MD_Mat_HyperElas_Def.f90,HyperElas,MD_Mat_HyperElas_Def,Def,True,True,False,False,False,False,False,False,
L3_MD,ufc_core/L3_MD/Material/HyperElas/MD_Mat_HyperElas_Marlow.f90,HyperElas,MD_Mat_HyperElas_Marlow,Def,True,False,False,False,False,True,False,False,
L3_MD,ufc_core/L3_MD/Material/HyperElas/MD_Mat_HyperElas_MooneyRivlin.f90,HyperElas,MD_Mat_HyperElas_MooneyRivlin,Def,True,False,False,False,False,True,False,False,
L3_MD,ufc_core/L3_MD/Material/HyperElas/MD_Mat_HyperElas_NeoHookean.f90,HyperElas,MD_Mat_HyperElas_NeoHookean,Def,True,False,False,False,False,True,False,False,
L3_MD,ufc_core/L3_MD/Material/HyperElas/MD_Mat_HyperElas_Ogden.f90,HyperElas,MD_Mat_HyperElas_Ogden,Def,True,False,False,False,False,True,False,False,
L3_MD,ufc_core/L3_MD/Material/HyperElas/MD_Mat_HyperElas_PermanentSet.f90,HyperElas,MD_Mat_HyperElas_PermanentSet,Def,True,False,False,False,False,True,False,False,
L3_MD,ufc_core/L3_MD/Material/HyperElas/MD_Mat_HyperElas_Polynomial.f90,HyperElas,MD_Mat_HyperElas_Polynomial,Def,True,False,False,False,False,True,False,False,
L3_MD,ufc_core/L3_MD/Material/HyperElas/MD_Mat_HyperElas_ReducedPolynomial.f90,HyperElas,MD_Mat_HyperElas_ReducedPolynomial,Def,True,False,False,False,False,True,False,False,
L3_MD,ufc_core/L3_MD/Material/HyperElas/MD_Mat_HyperElas_StressSoftening.f90,HyperElas,MD_Mat_HyperElas_StressSoftening,Def,True,False,False,False,False,True,False,False,
L3_MD,ufc_core/L3_MD/Material/HyperElas/MD_Mat_HyperElas_Yeoh.f90,HyperElas,MD_Mat_HyperElas_Yeoh,Def,True,False,False,False,False,True,False,False,
L3_MD,ufc_core/L3_MD/Material/Plast/MD_Mat_Plast_Barlat.f90,Plast,MD_Mat_Plast_Barlat,Def,True,False,True,False,False,True,False,False,
L3_MD,ufc_core/L3_MD/Material/Plast/MD_Mat_Plast_BiVisc.f90,Plast,MD_Mat_Plast_BiVisc,Def,True,True,True,True,False,True,False,False,
L3_MD,ufc_core/L3_MD/Material/Plast/MD_Mat_Plast_Brg.f90,Plast,MD_Mat_Plast_Brg,Def,True,False,False,False,False,True,False,False,
L3_MD,ufc_core/L3_MD/Material/Plast/MD_Mat_Plast_CastIron.f90,Plast,MD_Mat_Plast_CastIron,Def,True,True,True,True,False,True,False,False,
L3_MD,ufc_core/L3_MD/Material/Plast/MD_Mat_Plast_Ceramic.f90,Plast,MD_Mat_Plast_Ceramic,Def,True,True,True,True,False,True,False,False,
L3_MD,ufc_core/L3_MD/Material/Plast/MD_Mat_Plast_Chaboche.f90,Plast,MD_Mat_Plast_Chaboche,Def,True,True,True,True,False,True,False,False,
L3_MD,ufc_core/L3_MD/Material/Plast/MD_Mat_Plast_Core.f90,Plast,MD_Mat_Plast_Core,Def,True,True,False,False,False,True,False,False,
L3_MD,ufc_core/L3_MD/Material/Plast/MD_Mat_Plast_Crystal.f90,Plast,MD_Mat_Plast_Crystal,Def,True,True,True,False,False,True,False,False,
L3_MD,ufc_core/L3_MD/Material/Plast/MD_Mat_Plast_Def.f90,Plast,MD_Mat_Plast_Def,Def,True,True,False,False,False,True,False,False,
L3_MD,ufc_core/L3_MD/Material/Plast/MD_Mat_Plast_Deformation.f90,Plast,MD_Mat_Plast_Deformation,Def,True,False,True,False,False,True,False,False,
L3_MD,ufc_core/L3_MD/Material/Plast/MD_Mat_Plast_Fgm.f90,Plast,MD_Mat_Plast_Fgm,Def,True,False,True,False,False,True,False,False,
L3_MD,ufc_core/L3_MD/Material/Plast/MD_Mat_Plast_Hill.f90,Plast,MD_Mat_Plast_Hill,Def,True,True,True,True,False,True,False,False,
L3_MD,ufc_core/L3_MD/Material/Plast/MD_Mat_Plast_HyperElastPlast.f90,Plast,MD_Mat_Plast_HyperElastPlast,Def,True,False,True,False,False,True,False,False,
L3_MD,ufc_core/L3_MD/Material/Plast/MD_Mat_Plast_J2.f90,Plast,MD_Mat_Plast_J2,Def,True,True,True,True,False,True,False,False,
L3_MD,ufc_core/L3_MD/Material/Plast/MD_Mat_Plast_JohnsonCook.f90,Plast,MD_Mat_Plast_JohnsonCook,Def,True,True,True,True,False,True,False,False,
L3_MD,ufc_core/L3_MD/Material/Plast/MD_Mat_Plast_MixedHard.f90,Plast,MD_Mat_Plast_MixedHard,Def,True,False,True,False,False,True,False,False,
L3_MD,ufc_core/L3_MD/Material/Plast/MD_Mat_Plast_Nano.f90,Plast,MD_Mat_Plast_Nano,Def,True,True,True,True,False,True,False,False,
L3_MD,ufc_core/L3_MD/Material/Plast/MD_Mat_Plast_ORNL.f90,Plast,MD_Mat_Plast_ORNL,Def,True,False,True,False,False,True,False,False,
L3_MD,ufc_core/L3_MD/Material/Plast/MD_Mat_Plast_RateDep.f90,Plast,MD_Mat_Plast_RateDep,Def,True,True,True,False,False,True,False,False,
L3_MD,ufc_core/L3_MD/Material/Plast/MD_Mat_Plast_SmartMat.f90,Plast,MD_Mat_Plast_SmartMat,Def,True,False,True,False,False,True,False,False,
L3_MD,ufc_core/L3_MD/Material/Plast/MD_Mat_Plast_SwiftVoce.f90,Plast,MD_Mat_Plast_SwiftVoce,Def,True,False,True,False,False,True,False,False,
L3_MD,ufc_core/L3_MD/Material/Plast/MD_Mat_Plast_Temm.f90,Plast,MD_Mat_Plast_Temm,Def,True,False,True,False,False,True,False,False,
L3_MD,ufc_core/L3_MD/Material/Plast/MD_Mat_Plast_ThermoVisc.f90,Plast,MD_Mat_Plast_ThermoVisc,Def,True,False,True,False,False,True,False,False,
L3_MD,ufc_core/L3_MD/Material/Plast/MD_Mat_Plast_ViscDmgEM.f90,Plast,MD_Mat_Plast_ViscDmgEM,Def,True,True,True,True,False,True,False,False,
L3_MD,ufc_core/L3_MD/Material/Plast/MD_Mat_Plast_Viscoplastic.f90,Plast,MD_Mat_Plast_Viscoplastic,Def,True,True,True,True,False,True,False,False,
L3_MD,ufc_core/L3_MD/Material/Plast/MD_Mat_Plast_Za.f90,Plast,MD_Mat_Plast_Za,Def,True,True,True,False,False,True,False,False,
L3_MD,ufc_core/L3_MD/Material/Plast/MD_Pls_ArmstrongFrederick.f90,Plast,MD_Pls_ArmstrongFrederick,Def,True,False,True,False,False,True,False,False,
L3_MD,ufc_core/L3_MD/Material/Plast/MD_Pls_Barlat.f90,Plast,MD_Pls_Barlat,Def,True,False,True,False,False,True,False,False,
L3_MD,ufc_core/L3_MD/Material/Plast/MD_Pls_Chaboche.f90,Plast,MD_Pls_Chaboche,Def,True,False,True,False,False,True,False,False,
L3_MD,ufc_core/L3_MD/Material/Plast/MD_Pls_GTN.f90,Plast,MD_Pls_GTN,Def,True,False,True,False,False,True,False,False,
L3_MD,ufc_core/L3_MD/Material/Plast/MD_Pls_Hill48.f90,Plast,MD_Pls_Hill48,Def,True,False,True,False,False,True,False,False,
L3_MD,ufc_core/L3_MD/Material/Plast/MD_Pls_J2Iso.f90,Plast,MD_Pls_J2Iso,Def,True,False,False,False,False,True,False,False,
L3_MD,ufc_core/L3_MD/Material/Plast/MD_Pls_J2Tab.f90,Plast,MD_Pls_J2Tab,Def,True,False,True,False,False,True,False,False,
L3_MD,ufc_core/L3_MD/Material/Plast/MD_Pls_JohnsonCook.f90,Plast,MD_Pls_JohnsonCook,Def,True,False,True,False,False,True,False,False,
L3_MD,ufc_core/L3_MD/Material/Plast/MD_Pls_KinComb.f90,Plast,MD_Pls_KinComb,Def,True,False,True,False,False,True,False,False,
L3_MD,ufc_core/L3_MD/Material/Plast/MD_Pls_KinLin.f90,Plast,MD_Pls_KinLin,Def,True,False,True,False,False,True,False,False,
L3_MD,ufc_core/L3_MD/Material/Plast/MD_Pls_ORNL.f90,Plast,MD_Pls_ORNL,Def,True,False,True,False,False,True,False,False,
L3_MD,ufc_core/L3_MD/Material/Registry/MD_MatPLM_Reg.f90,Registry,MD_MatPLM_Reg,Domain,True,False,True,False,False,True,False,False,
L3_MD,ufc_core/L3_MD/Material/Registry/MD_MatReg_Ops.f90,Registry,MD_MatReg_Ops,Def,True,True,True,True,False,True,False,False,
L3_MD,ufc_core/L3_MD/Material/Shared/MD_Mat_Composite_Core.f90,Shared,MD_Mat_Composite_Core,Def,True,True,True,True,False,True,False,False,
L3_MD,ufc_core/L3_MD/Material/Shared/MD_Mat_Contract.f90,Shared,MD_Mat_Contract,Def,False,False,False,False,False,True,False,False,
L3_MD,ufc_core/L3_MD/Material/Shared/MD_Mat_Creep_Core.f90,Shared,MD_Mat_Creep_Core,Def,True,True,True,True,False,True,False,False,
L3_MD,ufc_core/L3_MD/Material/Shared/MD_MAT_DAMAGE_CORE.f90,Shared,MD_MAT_DAMAGE_CORE,Def,True,True,True,True,False,True,False,False,
L3_MD,ufc_core/L3_MD/Material/Shared/MD_Mat_DMG_LibBase.f90,Shared,MD_Mat_DMG_LibBase,Def,False,False,True,False,False,True,False,False,
L3_MD,ufc_core/L3_MD/Material/Shared/MD_Mat_Geomat_Core.f90,Shared,MD_Mat_Geomat_Core,Def,True,True,True,True,False,True,False,False,
L3_MD,ufc_core/L3_MD/Material/Shared/MD_MAT_HYPERELASTIC_CORE.f90,Shared,MD_MAT_HYPERELASTIC_CORE,Def,True,True,True,True,False,True,False,False,
L3_MD,ufc_core/L3_MD/Material/Shared/MD_Mat_Legacy_Def.f90,Shared,MD_Mat_Legacy_Def,Def,False,True,False,False,False,False,False,False,
L3_MD,ufc_core/L3_MD/Material/Shared/MD_Mat_Sync.f90,Shared,MD_Mat_Sync,Def,True,True,False,False,False,True,False,False,
L3_MD,ufc_core/L3_MD/Material/Shared/MD_MAT_THERM_CORE.f90,Shared,MD_MAT_THERM_CORE,Def,True,True,True,True,False,True,False,False,
L3_MD,ufc_core/L3_MD/Material/Shared/MD_MAT_USER_CORE.f90,Shared,MD_MAT_USER_CORE,Def,True,True,True,True,False,True,False,False,
L3_MD,ufc_core/L3_MD/Material/Shared/MD_Mat_Validation.f90,Shared,MD_Mat_Validation,Domain,False,False,True,False,False,True,False,False,
L3_MD,ufc_core/L3_MD/Material/Shared/MD_MAT_VISCOSITY_CORE.f90,Shared,MD_MAT_VISCOSITY_CORE,Def,True,True,True,True,False,True,False,False,
L3_MD,ufc_core/L3_MD/Material/Shared/MD_MatELA_Damping.f90,Shared,MD_MatELA_Damping,Def,True,False,True,False,False,True,False,False,
L3_MD,ufc_core/L3_MD/Material/Shared/MD_MatELA_ElasBase.f90,Shared,MD_MatELA_ElasBase,Def,False,False,True,False,False,True,False,False,
L3_MD,ufc_core/L3_MD/Material/Shared/MD_MatELA_Expansion.f90,Shared,MD_MatELA_Expansion,Def,True,False,True,False,False,True,False,False,
L3_MD,ufc_core/L3_MD/Material/Shared/MD_MatELA_PopulateMap.f90,Shared,MD_MatELA_PopulateMap,Domain,False,False,False,False,False,True,False,False,
L3_MD,ufc_core/L3_MD/Material/Shared/MD_MatEval_Def.f90,Shared,MD_MatEval_Def,Def,False,False,True,True,False,False,False,False,
L3_MD,ufc_core/L3_MD/Material/Shared/MD_MatPLM_TDep.f90,Shared,MD_MatPLM_TDep,Domain,False,False,True,False,False,True,False,False,
L3_MD,ufc_core/L3_MD/Material/Thermal/MD_Mat_Creep_ThermalConduction.f90,Thermal,MD_Mat_Creep_ThermalConduction,Def,True,True,False,False,False,True,False,False,
L3_MD,ufc_core/L3_MD/Material/Thermal/MD_Mat_Creep_ThermalExpansion.f90,Thermal,MD_Mat_Creep_ThermalExpansion,Def,True,True,False,False,False,True,False,False,
L3_MD,ufc_core/L3_MD/Material/Thermal/MD_Mat_Creep_ThermoElastic.f90,Thermal,MD_Mat_Creep_ThermoElastic,Def,True,True,False,False,False,True,False,False,
L3_MD,ufc_core/L3_MD/Material/Thermal/MD_Mat_Creep_ThermoElecElastic.f90,Thermal,MD_Mat_Creep_ThermoElecElastic,Def,True,True,False,False,False,True,False,False,
L3_MD,ufc_core/L3_MD/Material/Thermal/MD_Mat_Creep_ThermoElectric.f90,Thermal,MD_Mat_Creep_ThermoElectric,Def,True,True,False,False,False,True,False,False,
L3_MD,ufc_core/L3_MD/Material/Thermal/MD_Mat_Therm_Brg.f90,Thermal,MD_Mat_Therm_Brg,Def,True,False,False,False,False,True,False,False,
L3_MD,ufc_core/L3_MD/Material/Thermal/MD_Mat_Therm_Core.f90,Thermal,MD_Mat_Therm_Core,Def,True,True,False,False,False,True,False,False,
L3_MD,ufc_core/L3_MD/Material/Thermal/MD_Mat_Therm_Def.f90,Thermal,MD_Mat_Therm_Def,Def,True,True,False,False,False,False,False,False,
L3_MD,ufc_core/L3_MD/Material/Thermal/MD_Thm_Iso.f90,Thermal,MD_Thm_Iso,Def,True,False,False,False,False,True,False,False,
L3_MD,ufc_core/L3_MD/Material/Thermal/MD_Thm_Ortho.f90,Thermal,MD_Thm_Ortho,Def,True,False,False,False,False,True,False,False,
L3_MD,ufc_core/L3_MD/Material/Thermal/MD_Thm_PhaseChg.f90,Thermal,MD_Thm_PhaseChg,Def,True,False,False,False,False,True,False,False,
L3_MD,ufc_core/L3_MD/Material/User/MD_Mat_User_Brg.f90,User,MD_Mat_User_Brg,Def,True,False,False,False,False,True,False,False,
L3_MD,ufc_core/L3_MD/Material/User/MD_Mat_User_Core.f90,User,MD_Mat_User_Core,Def,True,True,False,False,False,True,False,False,
L3_MD,ufc_core/L3_MD/Material/User/MD_Mat_User_Def.f90,User,MD_Mat_User_Def,Def,True,True,False,False,False,True,False,False,
L3_MD,ufc_core/L3_MD/Material/User/MD_Mat_User_Umat.f90,User,MD_Mat_User_Umat,Def,True,False,False,False,False,True,False,False,
L3_MD,ufc_core/L3_MD/Material/User/MD_MatSPU_Connector.f90,User,MD_MatSPU_Connector,Def,True,False,False,False,False,True,False,False,
L3_MD,ufc_core/L3_MD/Material/User/MD_MatSPU_Damping.f90,User,MD_MatSPU_Damping,Def,True,False,False,False,False,True,False,False,
L3_MD,ufc_core/L3_MD/Material/User/MD_MatSPU_Electromagnetic.f90,User,MD_MatSPU_Electromagnetic,Def,True,False,False,False,False,True,False,False,
L3_MD,ufc_core/L3_MD/Material/User/MD_MatSPU_Eos.f90,User,MD_MatSPU_Eos,Def,True,False,False,False,False,True,False,False,
L3_MD,ufc_core/L3_MD/Material/User/MD_MatSPU_HydrostaticFluid.f90,User,MD_MatSPU_HydrostaticFluid,Def,True,False,False,False,False,True,False,False,
L3_MD,ufc_core/L3_MD/Material/User/MD_MatSPU_MassPoint.f90,User,MD_MatSPU_MassPoint,Def,True,False,False,False,False,True,False,False,
L3_MD,ufc_core/L3_MD/Material/User/MD_Usr_Ext1.f90,User,MD_Usr_Ext1,Def,True,False,False,False,False,True,False,False,
L3_MD,ufc_core/L3_MD/Material/User/MD_Usr_Ext2.f90,User,MD_Usr_Ext2,Def,True,False,False,False,False,True,False,False,
L3_MD,ufc_core/L3_MD/Material/User/MD_Usr_UMAT.f90,User,MD_Usr_UMAT,Def,True,False,False,False,False,True,False,False,
L3_MD,ufc_core/L3_MD/Material/User/MD_Usr_VUMAT.f90,User,MD_Usr_VUMAT,Def,True,False,False,False,False,True,False,False,
L3_MD,ufc_core/L3_MD/Material/Viscoelas/MD_Mat_Visco_Brg.f90,Viscoelas,MD_Mat_Visco_Brg,Def,True,False,False,False,False,True,False,False,
L3_MD,ufc_core/L3_MD/Material/Viscoelas/MD_Mat_Visco_Core.f90,Viscoelas,MD_Mat_Visco_Core,Def,True,False,False,False,False,True,False,False,
L3_MD,ufc_core/L3_MD/Material/Viscoelas/MD_Mat_Visco_Def.f90,Viscoelas,MD_Mat_Visco_Def,Def,True,True,False,False,False,True,False,False,
L3_MD,ufc_core/L3_MD/Material/Viscoelas/MD_Mat_Viscoelas_Creep.f90,Viscoelas,MD_Mat_Viscoelas_Creep,Def,True,False,False,False,False,True,False,False,
L3_MD,ufc_core/L3_MD/Material/Viscoelas/MD_Mat_Viscoelas_LinearVisco.f90,Viscoelas,MD_Mat_Viscoelas_LinearVisco,Def,True,False,False,False,False,True,False,False,
L3_MD,ufc_core/L3_MD/Material/Viscoelas/MD_Mat_Viscoelas_NonlinearVisco.f90,Viscoelas,MD_Mat_Viscoelas_NonlinearVisco,Def,True,False,False,False,False,True,False,False,
L3_MD,ufc_core/L3_MD/Material/Viscoelas/MD_Mat_Viscoelas_Perzyna.f90,Viscoelas,MD_Mat_Viscoelas_Perzyna,Def,True,False,False,False,False,True,False,False,
L3_MD,ufc_core/L3_MD/Material/Viscoelas/MD_Mat_Viscoelas_RateDepCreep.f90,Viscoelas,MD_Mat_Viscoelas_RateDepCreep,Def,True,False,False,False,False,True,False,False,
L3_MD,ufc_core/L3_MD/Material/Viscoelas/MD_Mat_Viscoelas_Swelling.f90,Viscoelas,MD_Mat_Viscoelas_Swelling,Def,True,False,False,False,False,True,False,False,
L3_MD,ufc_core/L3_MD/Material/Viscoelas/MD_Mat_Viscoelas_ThermoVisco.f90,Viscoelas,MD_Mat_Viscoelas_ThermoVisco,Def,True,False,False,False,False,True,False,False,
L3_MD,ufc_core/L3_MD/Material/Viscoelas/MD_Mat_Viscoelas_ViscoBase.f90,Viscoelas,MD_Mat_Viscoelas_ViscoBase,Def,True,False,False,False,False,True,False,False,
L3_MD,ufc_core/L3_MD/Material/Viscoelas/MD_Mat_Viscoelas_ViscoElastPlast.f90,Viscoelas,MD_Mat_Viscoelas_ViscoElastPlast,Def,True,False,False,False,False,True,False,False,
L3_MD,ufc_core/L3_MD/Material/Viscoelas/MD_Vis_KelvinVoigt.f90,Viscoelas,MD_Vis_KelvinVoigt,Def,True,False,False,False,False,True,False,False,
L3_MD,ufc_core/L3_MD/Material/Viscoelas/MD_Vis_PronyDev.f90,Viscoelas,MD_Vis_PronyDev,Def,True,False,False,False,False,True,False,False,
L3_MD,ufc_core/L3_MD/Material/Viscoelas/MD_Vis_PronyVol.f90,Viscoelas,MD_Vis_PronyVol,Def,True,False,False,False,False,True,False,False,
L3_MD,ufc_core/L3_MD/Material/Viscoelas/MD_Vis_WLF.f90,Viscoelas,MD_Vis_WLF,Def,True,False,False,False,False,True,False,False,
L3_MD,ufc_core/L3_MD/Bridge/Bridge_L4/MD_MatLibPH_Brg.f90,CrossLayer,MD_MatLibPH_Brg,Domain,True,True,True,True,True,True,True,False,L3 hot-path marker: freeze or migrate; legacy material route dependency
L4_PH,ufc_core/L4_PH/Material/Acoustic/PH_Mat_Acoustic_Core.f90,Acoustic,PH_Mat_Acoustic_Core,Def,True,True,True,False,False,True,False,False,needs closure-test anchor
L4_PH,ufc_core/L4_PH/Material/AI/PH_AI_MatInteg.f90,AI,PH_AI_MatInteg,Def,False,True,True,True,False,True,False,False,needs closure-test anchor
L4_PH,ufc_core/L4_PH/Material/Base/PH_Mat_BaseDefn.f90,Base,PH_Mat_BaseDefn,Domain,False,False,False,False,False,True,False,False,needs closure-test anchor
L4_PH,ufc_core/L4_PH/Material/Base/PH_Mat_Dispatch.f90,Base,PH_Mat_Dispatch,Domain,False,True,True,False,False,True,False,False,needs closure-test anchor
L4_PH,ufc_core/L4_PH/Material/Base/PH_Mat_Reg.f90,Base,PH_Mat_Reg,Domain,False,True,True,False,False,True,False,False,needs closure-test anchor
L4_PH,ufc_core/L4_PH/Material/Composite/PH_Mat_Composite_Core.f90,Composite,PH_Mat_Composite_Core,Domain,False,True,True,False,False,True,False,False,needs closure-test anchor
L4_PH,ufc_core/L4_PH/Material/Composite/PH_MatComp_Castani.f90,Composite,PH_MatComp_Castani,Def,False,False,True,True,False,True,False,False,needs closure-test anchor
L4_PH,ufc_core/L4_PH/Material/Contract/PH_Mat_Standards.f90,Contract,PH_Mat_Standards,Def,False,True,True,True,False,True,False,False,needs closure-test anchor
L4_PH,ufc_core/L4_PH/Material/Contract/PH_Mat_UMATIntfEnhanced.f90,Contract,PH_Mat_UMATIntfEnhanced,Def,False,True,False,False,False,True,False,False,needs closure-test anchor
L4_PH,ufc_core/L4_PH/Material/Contract/PH_MatConstit_Def.f90,Contract,PH_MatConstit_Def,Def,False,True,False,False,False,False,False,False,
L4_PH,ufc_core/L4_PH/Material/Contract/PH_MatCreep_Defn.f90,Contract,PH_MatCreep_Defn,Def,False,False,False,False,False,True,False,False,needs closure-test anchor
L4_PH,ufc_core/L4_PH/Material/Contract/PH_MatDam_Defn.f90,Contract,PH_MatDam_Defn,Def,False,False,False,False,False,True,False,False,needs closure-test anchor
L4_PH,ufc_core/L4_PH/Material/Contract/PH_MatGeotech_Defn.f90,Contract,PH_MatGeotech_Defn,Def,False,False,False,False,False,True,False,False,needs closure-test anchor
L4_PH,ufc_core/L4_PH/Material/Contract/PH_MatHyperElas_Defn.f90,Contract,PH_MatHyperElas_Defn,Def,False,False,False,False,False,True,False,False,needs closure-test anchor
L4_PH,ufc_core/L4_PH/Material/Contract/PH_MatSpcl_Defn.f90,Contract,PH_MatSpcl_Defn,Def,False,False,False,False,False,True,False,False,needs closure-test anchor
L4_PH,ufc_core/L4_PH/Material/Contract/PH_MatTherm_Defn.f90,Contract,PH_MatTherm_Defn,Def,False,False,False,False,False,True,False,False,needs closure-test anchor
L4_PH,ufc_core/L4_PH/Material/Contract/PH_MatVisc_Defn.f90,Contract,PH_MatVisc_Defn,Def,False,True,True,True,False,True,False,False,needs closure-test anchor
L4_PH,ufc_core/L4_PH/Material/Contract/PH_UMAT_Def.f90,Contract,PH_UMAT_Def,Def,False,False,True,True,False,True,False,False,needs closure-test anchor
L4_PH,ufc_core/L4_PH/Material/Creep/PH_Mat_Creep_Core.f90,Creep,PH_Mat_Creep_Core,Def,False,True,True,False,False,True,False,False,needs closure-test anchor
L4_PH,ufc_core/L4_PH/Material/Damage/PH_Mat_Lemaitre_CDM.f90,Damage,PH_Mat_Lemaitre_CDM,Domain,False,True,True,False,False,True,False,False,needs closure-test anchor
L4_PH,ufc_core/L4_PH/Material/Damage/PH_MatDam_Gurson.f90,Damage,PH_MatDam_Gurson,Def,True,True,True,True,False,True,False,False,needs closure-test anchor
L4_PH,ufc_core/L4_PH/Material/Dispatch/PH_MatELA_ElasCall.f90,Dispatch,PH_MatELA_ElasCall,Def,False,False,True,False,False,True,False,False,needs closure-test anchor
L4_PH,ufc_core/L4_PH/Material/Dispatch/PH_MatEval.f90,Dispatch,PH_MatEval,Domain,True,True,True,True,False,False,False,False,
L4_PH,ufc_core/L4_PH/Material/Dispatch/PH_MatPLM_Kernels.f90,Dispatch,PH_MatPLM_Kernels,Def,False,False,True,False,False,True,False,False,needs closure-test anchor
L4_PH,ufc_core/L4_PH/Material/Dispatch/PH_MatPLM_LegacyFacadeUMATs.f90,Dispatch,PH_MatPLM_LegacyFacadeUMATs,Def,False,True,True,False,False,True,False,False,needs closure-test anchor
L4_PH,ufc_core/L4_PH/Material/Dispatch/PH_MatPLM_PlastCall.f90,Dispatch,PH_MatPLM_PlastCall,Def,False,False,True,False,False,True,False,False,needs closure-test anchor
L4_PH,ufc_core/L4_PH/Material/Dispatch/PH_MatPLMEval.f90,Dispatch,PH_MatPLMEval,Def,True,False,True,True,False,True,False,False,needs closure-test anchor
L4_PH,ufc_core/L4_PH/Material/Elas/PH_Mat_Elas_Brg.f90,Elas,PH_Mat_Elas_Brg,Def,True,False,False,False,False,True,False,False,needs closure-test anchor
L4_PH,ufc_core/L4_PH/Material/Elas/PH_Mat_Elas_Core.f90,Elas,PH_Mat_Elas_Core,Def,True,True,True,True,False,True,False,False,needs closure-test anchor
L4_PH,ufc_core/L4_PH/Material/Elas/PH_Mat_Elas_Def.f90,Elas,PH_Mat_Elas_Def,Def,True,True,False,True,False,True,False,False,needs closure-test anchor
L4_PH,ufc_core/L4_PH/Material/Geo/PH_MatGeo_CamClay.f90,Geo,PH_MatGeo_CamClay,Domain,True,True,True,True,False,True,False,False,needs closure-test anchor
L4_PH,ufc_core/L4_PH/Material/Geo/PH_MatGeo_DruckerPrager.f90,Geo,PH_MatGeo_DruckerPrager,Domain,True,True,True,True,False,True,False,False,needs closure-test anchor
L4_PH,ufc_core/L4_PH/Material/Geo/PH_MatGeo_MohrCoulomb.f90,Geo,PH_MatGeo_MohrCoulomb,Def,True,True,True,True,False,True,False,False,needs closure-test anchor
L4_PH,ufc_core/L4_PH/Material/HyperElas/PH_Mat_HyperElas_Core.f90,HyperElas,PH_Mat_HyperElas_Core,Core,False,True,True,False,False,True,False,False,needs closure-test anchor
L4_PH,ufc_core/L4_PH/Material/HyperElas/PH_Mat_NeoHookean.f90,HyperElas,PH_Mat_NeoHookean,Domain,False,True,True,False,False,True,False,False,needs closure-test anchor
L4_PH,ufc_core/L4_PH/Material/PH_Mat_Aux_Def.f90,Root,PH_Mat_Aux_Def,Def,True,True,True,True,True,False,False,False,needs closure-test anchor
L4_PH,ufc_core/L4_PH/Material/PH_Mat_Core.f90,Root,PH_Mat_Core,Domain,True,True,True,True,True,True,False,False,needs closure-test anchor
L4_PH,ufc_core/L4_PH/Material/PH_Mat_Core_Types.f90,Root,PH_Mat_Core_Types,Def,False,True,False,False,False,True,False,False,needs closure-test anchor
L4_PH,ufc_core/L4_PH/Material/PH_Mat_Def.f90,Root,PH_Mat_Def,Def,False,True,True,True,True,True,False,False,needs closure-test anchor
L4_PH,ufc_core/L4_PH/Material/PH_Mat_Types.f90,Root,PH_Mat_Types,Domain,False,False,True,True,False,False,False,False,
L4_PH,ufc_core/L4_PH/Material/PH_Material_Domain_Core.f90,Root,PH_Material_Domain_Core,Def,True,True,True,True,True,True,False,True,
L4_PH,ufc_core/L4_PH/Material/Plast/PH_Mat_DP_Core.f90,Plast,PH_Mat_DP_Core,Def,True,True,True,True,False,True,False,False,needs closure-test anchor
L4_PH,ufc_core/L4_PH/Material/Plast/PH_Mat_DP_Proc.f90,Plast,PH_Mat_DP_Proc,Domain,True,True,True,True,False,False,False,False,
L4_PH,ufc_core/L4_PH/Material/Plast/PH_Mat_J2_RadialReturn.f90,Plast,PH_Mat_J2_RadialReturn,Domain,True,True,True,False,False,True,False,False,needs closure-test anchor
L4_PH,ufc_core/L4_PH/Material/Plast/PH_Mat_Plast_J2.f90,Plast,PH_Mat_Plast_J2,Def,True,True,True,True,False,True,False,False,needs closure-test anchor
L4_PH,ufc_core/L4_PH/Material/Plast/PH_MatPlast_Barlat.f90,Plast,PH_MatPlast_Barlat,Domain,False,True,True,False,False,False,False,False,
L4_PH,ufc_core/L4_PH/Material/Plast/PH_MatPlast_Chaboche.f90,Plast,PH_MatPlast_Chaboche,Domain,False,True,True,False,False,True,False,False,needs closure-test anchor
L4_PH,ufc_core/L4_PH/Material/Plast/PH_MatPlast_Crystal.f90,Plast,PH_MatPlast_Crystal,Def,False,False,False,False,False,True,False,False,needs closure-test anchor
L4_PH,ufc_core/L4_PH/Material/Plast/PH_MatPlast_Hill.f90,Plast,PH_MatPlast_Hill,Domain,True,True,True,True,False,True,False,False,needs closure-test anchor
L4_PH,ufc_core/L4_PH/Material/Shared/PH_Mat_hTensor.f90,Shared,PH_Mat_hTensor,Def,False,False,True,False,False,True,False,False,needs closure-test anchor
L4_PH,ufc_core/L4_PH/Material/Thermal/PH_Mat_Thermal_Core.f90,Thermal,PH_Mat_Thermal_Core,Def,False,True,True,False,False,True,False,False,needs closure-test anchor
L4_PH,ufc_core/L4_PH/Material/Viscoelas/PH_Mat_Visco_Core.f90,Viscoelas,PH_Mat_Visco_Core,Def,False,True,True,False,False,True,False,False,needs closure-test anchor
L4_PH,ufc_core/L4_PH/Element/Shared/PH_Elem_MaterialRoute.f90,CrossLayer,PH_Elem_MaterialRoute,Def,True,True,True,True,True,True,False,True,
L5_RT,ufc_core/L5_RT/Material/RT_Mat_Brg.f90,Root,RT_Mat_Brg,Def,False,True,True,True,True,True,False,True,check thin-router boundary
L5_RT,ufc_core/L5_RT/Material/RT_Mat_Core.f90,Root,RT_Mat_Core,Def,False,True,True,True,True,True,False,True,check thin-router boundary
L5_RT,ufc_core/L5_RT/Material/RT_Mat_Def.f90,Root,RT_Mat_Def,Def,False,False,True,True,True,True,False,True,
